song_id,genre_id
0035a270-d8dd-4408-934b-6651e06f8e7a,79fdbf70-c115-4649-aac7-477e42fd8fa6
00754e46-7d6b-4485-b551-bb0ef381b81e,4af08b16-af05-48c9-99fa-2f3301eb7696
00821069-d6ea-4f36-b3b0-c7a5e0860a7b,a7ed0341-99c7-47bb-8cc8-487a2401a734
011073ee-1999-444d-8e74-9ba6677a43a0,79fdbf70-c115-4649-aac7-477e42fd8fa6
01284bd6-f1ed-4d24-bc22-c3f273a41b0c,4cc6d286-7158-4dae-b524-27d37315804c
0153123d-eac6-4f86-8c1f-197b913f7a90,bb3388d6-cb6c-45d6-9cd9-45e3c80bee7a
0159a687-45ac-45c5-a269-7e1fe9ff5a47,bb3388d6-cb6c-45d6-9cd9-45e3c80bee7a
0185b673-b0eb-4c76-b527-c1d41577a789,79fdbf70-c115-4649-aac7-477e42fd8fa6
01a81ff7-dbcd-4012-b946-7c5ddf7a8512,90b57cce-1646-4fae-bd0b-003eb0d61c96
01d5bb07-6fcd-483a-a406-12baede459e3,79fdbf70-c115-4649-aac7-477e42fd8fa6
01ddaf31-c0b0-4a3f-8b81-5747f455c0eb,08b703b3-530a-4ea1-8b9b-e8a5252a3586
01e91aed-ee30-41ac-beb0-4ebe46949e11,90b57cce-1646-4fae-bd0b-003eb0d61c96
0221b4c1-797c-42a9-99c7-1155323b78d3,bb3388d6-cb6c-45d6-9cd9-45e3c80bee7a
022734a1-658f-47d4-96be-32b315b5c580,90b57cce-1646-4fae-bd0b-003eb0d61c96
022bd28b-077f-4faf-a275-abc4a9dcea18,bb3388d6-cb6c-45d6-9cd9-45e3c80bee7a
024b11e8-2912-47ee-ace4-a6ddf843be10,79fdbf70-c115-4649-aac7-477e42fd8fa6
02c1be6d-a187-491c-82c0-97381b4c8544,bb3388d6-cb6c-45d6-9cd9-45e3c80bee7a
02e90421-541b-4538-aa58-5e4004b495af,7924ad78-a7b6-41a4-8702-fb5fd86e09c6
02fbbd6e-3484-4e4a-8a50-322e81e81fda,79fdbf70-c115-4649-aac7-477e42fd8fa6
0317a052-639a-443a-892c-c42ec5612ec3,bb3388d6-cb6c-45d6-9cd9-45e3c80bee7a
0422313f-90d8-4521-ab98-d144e76b5c22,74eb6f32-21b3-4edc-8de7-ba89025b37b5
04a45a5f-98f5-469a-93f6-9d832afbf339,7924ad78-a7b6-41a4-8702-fb5fd86e09c6
04ad647b-6942-4a23-9e7e-14c8f5c358b2,79fdbf70-c115-4649-aac7-477e42fd8fa6
04ccf51b-51ca-4a68-a732-8f9a144a2930,4484a12c-2db6-4cba-9c80-bf881f981786
04f657ff-881d-4e20-8a4d-d8dbf41bfbbc,4cc6d286-7158-4dae-b524-27d37315804c
050b533b-d8c6-499a-a2dc-bf53307cc7b0,4af08b16-af05-48c9-99fa-2f3301eb7696
052854ff-8b0b-45a4-b548-dc64e8f77b4e,dc9d89ee-22a8-4218-8e39-bad91f370deb
05473ced-035d-4459-a0b9-371af9def5f1,08b703b3-530a-4ea1-8b9b-e8a5252a3586
05e75aa9-3f33-4d7d-b214-2871f80bdc34,90b57cce-1646-4fae-bd0b-003eb0d61c96
05ef3262-698e-4899-956a-65657bd3d24c,4484a12c-2db6-4cba-9c80-bf881f981786
060adbe7-3599-4a3b-8400-947c2f3a73ac,4af08b16-af05-48c9-99fa-2f3301eb7696
06284d46-b2f1-4ec5-a906-260353bd1968,dc9d89ee-22a8-4218-8e39-bad91f370deb
06321865-f64f-411d-9fe3-be3abf2fab96,08b703b3-530a-4ea1-8b9b-e8a5252a3586
06ad0679-fc2f-45d4-958b-e55af528a88d,90b57cce-1646-4fae-bd0b-003eb0d61c96
07341695-c464-4c49-84a8-8d7bc1e41bc8,4cc6d286-7158-4dae-b524-27d37315804c
0739e7bf-b979-40b4-ba65-c1784428189a,90b57cce-1646-4fae-bd0b-003eb0d61c96
07a184a3-b80a-427a-933d-493cbfe32aa4,4484a12c-2db6-4cba-9c80-bf881f981786
081feb8e-dd39-4475-8317-9cd53ad93443,74eb6f32-21b3-4edc-8de7-ba89025b37b5
089e0a41-fd48-43fb-9d8c-a3b3db247492,4cc6d286-7158-4dae-b524-27d37315804c
08e65adf-f5ea-4108-8e4e-f4f26e55f8e5,4484a12c-2db6-4cba-9c80-bf881f981786
09a90123-a1b0-48b5-b71c-044848d78dd9,4af08b16-af05-48c9-99fa-2f3301eb7696
09c21c9c-816f-46e4-8709-dce09e6d3331,dc9d89ee-22a8-4218-8e39-bad91f370deb
0a08dbdc-7825-4a66-910f-ff1de7b8d265,bb3388d6-cb6c-45d6-9cd9-45e3c80bee7a
0a7e2883-bd6a-47c4-9d3c-d394d635a18b,4af08b16-af05-48c9-99fa-2f3301eb7696
0ab6e146-a734-4139-b4f1-5114112b9197,a7ed0341-99c7-47bb-8cc8-487a2401a734
0b211643-7170-4ee6-8b4b-51b0280f0d45,74eb6f32-21b3-4edc-8de7-ba89025b37b5
0b7389b6-8837-4cc5-95f2-d5a128104fb0,74eb6f32-21b3-4edc-8de7-ba89025b37b5
0baa8071-a175-4abd-be74-7d862ecad44d,79fdbf70-c115-4649-aac7-477e42fd8fa6
0c541689-a88b-4c01-b109-86115d5fc9aa,08b703b3-530a-4ea1-8b9b-e8a5252a3586
0c7c9005-fe44-45b8-9c2b-7448abedbe60,4af08b16-af05-48c9-99fa-2f3301eb7696
0cbd487b-5860-4e4a-8806-19ea39480dfd,90b57cce-1646-4fae-bd0b-003eb0d61c96
0cc9c1f1-a63f-4d9e-8ec7-f69de83bc75d,79fdbf70-c115-4649-aac7-477e42fd8fa6
0d53864e-9469-4cdc-a728-12159ffedf86,74eb6f32-21b3-4edc-8de7-ba89025b37b5
0d552a99-c905-4649-b164-a31da19b0e98,7924ad78-a7b6-41a4-8702-fb5fd86e09c6
0dad6252-0911-4cec-86fc-ff31a52a1c3d,90b57cce-1646-4fae-bd0b-003eb0d61c96
0e12b251-d2f4-4345-958d-603b38d515fd,74eb6f32-21b3-4edc-8de7-ba89025b37b5
0f439963-2c35-4171-aa54-6e2d1a92bef1,bb3388d6-cb6c-45d6-9cd9-45e3c80bee7a
0f487ae0-d78e-4930-b9d0-f77d6bda61c4,79fdbf70-c115-4649-aac7-477e42fd8fa6
0f8d2ecd-4d50-4cd4-8f78-d8b86ec1b518,7924ad78-a7b6-41a4-8702-fb5fd86e09c6
0fad913f-967c-4162-a61e-0ec63b736432,bb3388d6-cb6c-45d6-9cd9-45e3c80bee7a
0ffd7259-aaf5-42d2-84c4-1ee8ddff6a5b,dc9d89ee-22a8-4218-8e39-bad91f370deb
107d2f66-3df6-46b8-a329-c42a6275f863,90b57cce-1646-4fae-bd0b-003eb0d61c96
114c294c-9a8c-4ff5-9268-70e3327694a3,74eb6f32-21b3-4edc-8de7-ba89025b37b5
1153e9e3-c2da-4545-a4db-3195fec81a42,4af08b16-af05-48c9-99fa-2f3301eb7696
1160aea7-476a-4da1-a00e-27153012c570,79fdbf70-c115-4649-aac7-477e42fd8fa6
11f68995-1c13-4c15-9590-53a7938338d2,74eb6f32-21b3-4edc-8de7-ba89025b37b5
1213ef19-b924-45b9-af2b-81d6340f10ad,bb3388d6-cb6c-45d6-9cd9-45e3c80bee7a
12152a2b-7419-4e6a-888f-aef17328d415,79fdbf70-c115-4649-aac7-477e42fd8fa6
12449b88-42b2-47e3-8d62-75265faa34da,90b57cce-1646-4fae-bd0b-003eb0d61c96
12cd88f8-6ccf-44f1-b779-81d37f150a89,bb3388d6-cb6c-45d6-9cd9-45e3c80bee7a
1338ff71-7564-4b73-aa4e-b72b93a6497b,74eb6f32-21b3-4edc-8de7-ba89025b37b5
134c999a-4faf-48ce-a509-dc3149c39b2a,90b57cce-1646-4fae-bd0b-003eb0d61c96
13835b86-5e0d-4662-bf17-5fbf0758b001,bb3388d6-cb6c-45d6-9cd9-45e3c80bee7a
139ea9b6-49f7-4ed4-9951-0df6056b64f1,7924ad78-a7b6-41a4-8702-fb5fd86e09c6
13a0e085-556c-4b15-93e6-206b9a392728,7924ad78-a7b6-41a4-8702-fb5fd86e09c6
13defc09-540a-4a48-90e4-32e7daaa81ea,74eb6f32-21b3-4edc-8de7-ba89025b37b5
145b79b3-2328-4e5e-b916-3ca5c8786489,bb3388d6-cb6c-45d6-9cd9-45e3c80bee7a
14688acf-c117-4222-8fda-57b6b778d0e3,79fdbf70-c115-4649-aac7-477e42fd8fa6
146ef0c6-dfe5-4aa2-8a89-f3c81a61c113,dc9d89ee-22a8-4218-8e39-bad91f370deb
14d27f8d-8289-4123-83ba-422811445a1a,79fdbf70-c115-4649-aac7-477e42fd8fa6
151b8435-ff7f-4ac5-b8cf-24f26c7d307c,79fdbf70-c115-4649-aac7-477e42fd8fa6
16682a6d-5dae-464a-82a1-ad82694fa8a3,bb3388d6-cb6c-45d6-9cd9-45e3c80bee7a
16851c52-64c0-4fe7-9ba6-e11291f8c79f,90b57cce-1646-4fae-bd0b-003eb0d61c96
17180051-e5cb-4dff-82f0-037a746092a8,90b57cce-1646-4fae-bd0b-003eb0d61c96
171f6a43-dd8e-439c-aec4-07f76f4d441c,79fdbf70-c115-4649-aac7-477e42fd8fa6
173ae0eb-3854-4670-a5ac-1ad3597be1c9,79fdbf70-c115-4649-aac7-477e42fd8fa6
175713cb-bb8d-4407-b235-c7408ae81dc5,bb3388d6-cb6c-45d6-9cd9-45e3c80bee7a
179a8b33-d515-48b6-9bfa-de6569f85101,08b703b3-530a-4ea1-8b9b-e8a5252a3586
17b40f91-7a55-4713-bcad-d5dd3c62e92f,4af08b16-af05-48c9-99fa-2f3301eb7696
17e631b7-7664-44ca-b14b-3a8bf285fb40,79fdbf70-c115-4649-aac7-477e42fd8fa6
18063c8b-aa19-49b5-a95a-810a29d3707e,79fdbf70-c115-4649-aac7-477e42fd8fa6
1846e78a-fa95-4e5a-b48a-1188f7401016,74eb6f32-21b3-4edc-8de7-ba89025b37b5
187a028e-8731-4b67-909c-0fafe54b75a6,dc9d89ee-22a8-4218-8e39-bad91f370deb
18baa07f-f288-4290-8f2d-ea1336429bf7,79fdbf70-c115-4649-aac7-477e42fd8fa6
1945b89a-54c0-4cd9-a344-527eafce59fd,90b57cce-1646-4fae-bd0b-003eb0d61c96
19a8615b-b9cf-4cde-b0ce-f2c3b0fab577,79fdbf70-c115-4649-aac7-477e42fd8fa6
19ae0412-7b61-40c4-a365-583544e079f9,4484a12c-2db6-4cba-9c80-bf881f981786
19fd747f-998f-46b2-9c01-35d0ad834bad,4484a12c-2db6-4cba-9c80-bf881f981786
1a74ae91-7957-442f-b99c-f4c764b76674,bb3388d6-cb6c-45d6-9cd9-45e3c80bee7a
1a97dbfc-a85d-4045-a8e3-ccc1081762ef,79fdbf70-c115-4649-aac7-477e42fd8fa6
1ab6100a-1225-42dd-861a-481654d5b81b,4af08b16-af05-48c9-99fa-2f3301eb7696
1b0431f3-4aa6-4e2a-9d3f-52be2dc21e55,74eb6f32-21b3-4edc-8de7-ba89025b37b5
1be92d73-3a8b-4c19-ac6d-75170a747f01,08b703b3-530a-4ea1-8b9b-e8a5252a3586
1be92d73-3a8b-4c19-ac6d-75170a747f01,79fdbf70-c115-4649-aac7-477e42fd8fa6
1c59b196-1777-4033-9934-5146d95f7094,7924ad78-a7b6-41a4-8702-fb5fd86e09c6
1c7d1120-648f-4639-aace-78a8b7dc61ff,79fdbf70-c115-4649-aac7-477e42fd8fa6
1cebc955-7de1-4bb4-93a6-37f19978d1b7,79fdbf70-c115-4649-aac7-477e42fd8fa6
1cebd9a0-07ca-4dd8-9480-693f65456b29,dc9d89ee-22a8-4218-8e39-bad91f370deb
1d11802a-b673-43cf-a8d4-8824d2ecfb99,bb3388d6-cb6c-45d6-9cd9-45e3c80bee7a
1d15685b-490c-4be4-9a2d-7b517e4639bc,90b57cce-1646-4fae-bd0b-003eb0d61c96
1df233b7-f6cb-4725-9ec3-d3e80f1e5946,90b57cce-1646-4fae-bd0b-003eb0d61c96
1dfbb37e-7754-4e63-8833-f7ba90762e22,bb3388d6-cb6c-45d6-9cd9-45e3c80bee7a
1dfbb37e-7754-4e63-8833-f7ba90762e22,dc9d89ee-22a8-4218-8e39-bad91f370deb
1e077094-79f2-4bfb-8c21-ccd110f6b1a5,74eb6f32-21b3-4edc-8de7-ba89025b37b5
1e0dfd33-fb1b-4656-a130-84aeabfb8ff8,79fdbf70-c115-4649-aac7-477e42fd8fa6
1e1c3ba4-0512-4265-8cba-4562d496b6f4,4af08b16-af05-48c9-99fa-2f3301eb7696
1e52d2b9-f287-4967-aeef-554ae48c929a,90b57cce-1646-4fae-bd0b-003eb0d61c96
1e73a818-58a2-4b95-8db2-fd3acca64396,90b57cce-1646-4fae-bd0b-003eb0d61c96
1e9db271-f844-453b-a616-f165bddfe2be,74eb6f32-21b3-4edc-8de7-ba89025b37b5
1eeb7bbf-563d-4441-ab3d-bbec3b7c6bf4,90b57cce-1646-4fae-bd0b-003eb0d61c96
1fd656be-e54d-482d-a44d-b895e3d7952c,dc9d89ee-22a8-4218-8e39-bad91f370deb
201fb376-d47c-4710-83a7-6f1531c3c293,90b57cce-1646-4fae-bd0b-003eb0d61c96
2051a9a9-e690-46d0-bbde-8e0659310185,bb3388d6-cb6c-45d6-9cd9-45e3c80bee7a
20ade9c1-2f2a-417a-9918-4e312321dea3,08b703b3-530a-4ea1-8b9b-e8a5252a3586
211034da-488c-40a5-b290-361daf1a1613,4484a12c-2db6-4cba-9c80-bf881f981786
2126a58e-3e4d-4be3-adee-7eacaa60e111,79fdbf70-c115-4649-aac7-477e42fd8fa6
213252c5-7ef6-41dd-876f-68dfa3738ac5,4cc6d286-7158-4dae-b524-27d37315804c
2165a1b5-c13c-4a37-abce-0be23fa06e30,79fdbf70-c115-4649-aac7-477e42fd8fa6
216dd4aa-4fa3-4cdf-98b1-ef26a93ea4be,4484a12c-2db6-4cba-9c80-bf881f981786
21961a22-897a-498a-9bcc-4c97ada32a54,90b57cce-1646-4fae-bd0b-003eb0d61c96
221427ff-ed9e-424f-a5c6-54195edc1d7e,74eb6f32-21b3-4edc-8de7-ba89025b37b5
2237f089-3f06-4df4-ba33-765157224ca5,08b703b3-530a-4ea1-8b9b-e8a5252a3586
224d7b63-c8ba-4d05-b014-b1c2db88ce80,bb3388d6-cb6c-45d6-9cd9-45e3c80bee7a
22b264aa-8872-4cc1-a3c4-4be1222d9cda,74eb6f32-21b3-4edc-8de7-ba89025b37b5
23cdfe1e-19bc-43db-a2a3-29c5ddda9cf6,bb3388d6-cb6c-45d6-9cd9-45e3c80bee7a
23d49276-5160-4adb-9511-748521707ca9,4af08b16-af05-48c9-99fa-2f3301eb7696
23e6187e-58a7-40c3-a281-74ac0620d11c,4af08b16-af05-48c9-99fa-2f3301eb7696
240d4530-e6cb-4641-a19e-d35a1a89eeb5,dc9d89ee-22a8-4218-8e39-bad91f370deb
24217c5b-af7d-4207-9313-3a1cba117830,dc9d89ee-22a8-4218-8e39-bad91f370deb
246aa150-e400-4745-8f61-7e022feec3fe,4af08b16-af05-48c9-99fa-2f3301eb7696
24938722-1368-462a-a201-ce4d1491b6c5,08b703b3-530a-4ea1-8b9b-e8a5252a3586
24dfe27b-6ecc-4274-8387-5bbacd86eabe,74eb6f32-21b3-4edc-8de7-ba89025b37b5
259f6afc-3bdd-425a-a483-66b160ac3415,dc9d89ee-22a8-4218-8e39-bad91f370deb
25ab22e3-b1cc-4753-ac63-7d7e1bde7c67,08b703b3-530a-4ea1-8b9b-e8a5252a3586
25cbea23-126b-49bc-a2b3-c9d6e4460a32,79fdbf70-c115-4649-aac7-477e42fd8fa6
25d03407-5b34-42f0-b64f-044559b8d92c,74eb6f32-21b3-4edc-8de7-ba89025b37b5
25d0a50c-018b-45e2-916f-7446a37f6f6e,90b57cce-1646-4fae-bd0b-003eb0d61c96
25dce93f-c5e8-4cf3-8abf-0b6b66521741,4484a12c-2db6-4cba-9c80-bf881f981786
260176d5-0c09-4ee1-bf07-13ba490830b0,4484a12c-2db6-4cba-9c80-bf881f981786
260b4e28-84c5-48c3-8c92-701bc0bd656d,74eb6f32-21b3-4edc-8de7-ba89025b37b5
269e124b-e446-4eba-9cdc-8f0dd0060fc0,74eb6f32-21b3-4edc-8de7-ba89025b37b5
26aa260e-ed6c-412c-a797-9475e0631e96,bb3388d6-cb6c-45d6-9cd9-45e3c80bee7a
26aa663f-375c-406e-b1e5-b954347ebd10,79fdbf70-c115-4649-aac7-477e42fd8fa6
26c700c6-a7d3-4860-8775-5f10c22c3938,90b57cce-1646-4fae-bd0b-003eb0d61c96
26cd7838-0840-465b-8927-590143719567,79fdbf70-c115-4649-aac7-477e42fd8fa6
271afa65-27c4-4c80-8a78-af2610eae62e,90b57cce-1646-4fae-bd0b-003eb0d61c96
27300c70-358a-408e-85cf-7c0b4f6f1091,90b57cce-1646-4fae-bd0b-003eb0d61c96
2748bb18-fa08-4c37-bfd7-691f767074bf,79fdbf70-c115-4649-aac7-477e42fd8fa6
278b126d-64ab-4e38-8102-f7121d53b4c1,74eb6f32-21b3-4edc-8de7-ba89025b37b5
27930dd8-b3fc-4ff6-ac7b-0f070c12d2f1,bb3388d6-cb6c-45d6-9cd9-45e3c80bee7a
27c535b3-dcd2-4edf-98bd-038805a5ef51,79fdbf70-c115-4649-aac7-477e42fd8fa6
27dc8c20-8c21-4489-9d17-3d1acc654847,dc9d89ee-22a8-4218-8e39-bad91f370deb
27f2f946-c344-48f4-8ba7-46c91306e30b,90b57cce-1646-4fae-bd0b-003eb0d61c96
2800b28b-f39e-41b7-90be-3992c63077f6,79fdbf70-c115-4649-aac7-477e42fd8fa6
284ed33e-3ed6-450a-b483-a10cc0c81d21,90b57cce-1646-4fae-bd0b-003eb0d61c96
288211cc-a87e-4c70-b275-67f256bdc69b,4af08b16-af05-48c9-99fa-2f3301eb7696
28d4ab9d-19ea-4f66-991c-e8d9b2cbcd37,79fdbf70-c115-4649-aac7-477e42fd8fa6
2914f626-3cd8-4ab4-b13f-938075d19e80,4cc6d286-7158-4dae-b524-27d37315804c
29491570-c13a-4e55-85d8-ffafd997bcc2,79fdbf70-c115-4649-aac7-477e42fd8fa6
296760a8-2f8b-49a4-ad9d-2061b082bf7e,4cc6d286-7158-4dae-b524-27d37315804c
297cafbe-a61e-4c2f-937b-d1d666b31d21,74eb6f32-21b3-4edc-8de7-ba89025b37b5
29967632-a277-4aed-aaa3-f61a1f05a34c,74eb6f32-21b3-4edc-8de7-ba89025b37b5
2b1f8c7d-6fa6-4d23-b143-3efb7acd0291,08b703b3-530a-4ea1-8b9b-e8a5252a3586
2b265783-1385-400a-bc3d-2a365df5b1da,74eb6f32-21b3-4edc-8de7-ba89025b37b5
2b48b48c-b332-4dfe-8014-812aa6a11c41,dc9d89ee-22a8-4218-8e39-bad91f370deb
2bad2c62-0e38-4872-b73c-0f78105983db,7924ad78-a7b6-41a4-8702-fb5fd86e09c6
2bbcf0b9-aa14-456f-9732-0dc6e3b0c7ed,dc9d89ee-22a8-4218-8e39-bad91f370deb
2bf4e185-5b46-40d8-a508-3c673e0ee2b4,4484a12c-2db6-4cba-9c80-bf881f981786
2bf86663-a36a-496e-bc47-af59b3618477,dc9d89ee-22a8-4218-8e39-bad91f370deb
2c61ee30-9da7-4c41-82a7-de0c3f95035c,4cc6d286-7158-4dae-b524-27d37315804c
2cf918a0-8906-45ff-9ff4-318f230e52e0,90b57cce-1646-4fae-bd0b-003eb0d61c96
2d33ff92-bc1d-4be4-a3ee-1ef55bce9a10,79fdbf70-c115-4649-aac7-477e42fd8fa6
2de68d50-e4a6-4552-9667-b2927c83917c,74eb6f32-21b3-4edc-8de7-ba89025b37b5
2e123c5d-6f89-49b3-9800-2ad5867234f4,dc9d89ee-22a8-4218-8e39-bad91f370deb
2e9aaf94-643c-48d5-80ca-d6078679fbdf,4af08b16-af05-48c9-99fa-2f3301eb7696
2edb891f-335e-4230-861c-206e90143e7b,4af08b16-af05-48c9-99fa-2f3301eb7696
2f780d15-9e3c-4a10-bb8b-9b92b0b81c30,bb3388d6-cb6c-45d6-9cd9-45e3c80bee7a
2f7c26ce-2536-4312-97f1-5356b6ed3746,74eb6f32-21b3-4edc-8de7-ba89025b37b5
2f8b275d-370c-4a81-9142-d1cc4c8b5beb,bb3388d6-cb6c-45d6-9cd9-45e3c80bee7a
301969f3-bcfc-4937-a185-de06e78e616e,79fdbf70-c115-4649-aac7-477e42fd8fa6
303edf0b-6811-4814-b263-3b811ea31a48,bb3388d6-cb6c-45d6-9cd9-45e3c80bee7a
30a6a203-7499-4d04-a75f-255fb29889fd,79fdbf70-c115-4649-aac7-477e42fd8fa6
30cdc26e-1901-4c25-8427-0f78e4648680,79fdbf70-c115-4649-aac7-477e42fd8fa6
30e9a1c6-9cc5-4063-ba8f-8d61dc8fa671,90b57cce-1646-4fae-bd0b-003eb0d61c96
3117ea02-ee31-4601-9da5-d07dd57c7cad,4af08b16-af05-48c9-99fa-2f3301eb7696
3129f853-216d-4cec-9a4d-ad76eab7160c,79fdbf70-c115-4649-aac7-477e42fd8fa6
31b1eb1a-247c-4d05-831b-9e0bf49dbb78,7924ad78-a7b6-41a4-8702-fb5fd86e09c6
31ba76c3-719b-4133-9504-a5c7b948d3c4,79fdbf70-c115-4649-aac7-477e42fd8fa6
31dbb54d-effe-468b-ab1c-b3e4bed8d4fd,08b703b3-530a-4ea1-8b9b-e8a5252a3586
3237e7bf-35e0-46a0-8385-f7fb94ccf2b3,4cc6d286-7158-4dae-b524-27d37315804c
32702a4b-29b6-4a83-a927-7be098279f5b,74eb6f32-21b3-4edc-8de7-ba89025b37b5
331e31c3-539b-4242-b97c-8b2737be7be8,dc9d89ee-22a8-4218-8e39-bad91f370deb
33e1b391-1582-4200-a8ea-2620343a85e4,4af08b16-af05-48c9-99fa-2f3301eb7696
3408cf1d-993c-407c-a885-0d5527906b97,90b57cce-1646-4fae-bd0b-003eb0d61c96
342210be-5bd0-469e-a7bd-7d04e0fae54c,7924ad78-a7b6-41a4-8702-fb5fd86e09c6
342d005d-f1dc-48dd-8116-7eebff00cde5,bb3388d6-cb6c-45d6-9cd9-45e3c80bee7a
34a66df5-7f1f-4854-9aa7-0079585f39b3,90b57cce-1646-4fae-bd0b-003eb0d61c96
34abe172-813c-48f5-87dd-e92c6bee57c7,90b57cce-1646-4fae-bd0b-003eb0d61c96
351bae33-e754-4fc7-929c-19d6e35231ed,79fdbf70-c115-4649-aac7-477e42fd8fa6
3592b4d2-a599-4174-97e2-e31d4ab2d397,4cc6d286-7158-4dae-b524-27d37315804c
35ca01b6-ba0b-4016-bcbe-567bcca72eba,79fdbf70-c115-4649-aac7-477e42fd8fa6
35f582dc-e0e6-47c4-a7fa-f951a6349f64,08b703b3-530a-4ea1-8b9b-e8a5252a3586
36220113-9adf-4c51-8b58-63b693e310c3,90b57cce-1646-4fae-bd0b-003eb0d61c96
364465a4-8bbb-41d4-98a2-657a26ef9c64,a7ed0341-99c7-47bb-8cc8-487a2401a734
368a52c3-4a95-427b-a0f5-79ea2976a3ea,08b703b3-530a-4ea1-8b9b-e8a5252a3586
369f05a5-2b1b-4b40-8eee-6f01ad96bf47,74eb6f32-21b3-4edc-8de7-ba89025b37b5
36f02925-783a-4652-b572-3a77ea8296a8,dc9d89ee-22a8-4218-8e39-bad91f370deb
370c569d-0102-496f-87e2-482f932562a1,dc9d89ee-22a8-4218-8e39-bad91f370deb
37267c8a-5733-481d-96e4-f0554444cd1b,74eb6f32-21b3-4edc-8de7-ba89025b37b5
375ef83a-64ca-4863-9c4f-23aef5ac1bce,90b57cce-1646-4fae-bd0b-003eb0d61c96
37e90556-f0da-41f5-b155-f70b35c02fc9,90b57cce-1646-4fae-bd0b-003eb0d61c96
381b5516-f9a8-4f98-b9cd-bb6b09c40665,bb3388d6-cb6c-45d6-9cd9-45e3c80bee7a
38892946-12e0-4be0-9be8-ae749ac73886,08b703b3-530a-4ea1-8b9b-e8a5252a3586
3897e6cc-40bb-4c8d-8abf-b45256e4e825,08b703b3-530a-4ea1-8b9b-e8a5252a3586
38f1e41c-ef70-4438-9866-4d8acbd0ebb4,dc9d89ee-22a8-4218-8e39-bad91f370deb
390c4876-801c-4916-9870-5d3bb536e4c9,79fdbf70-c115-4649-aac7-477e42fd8fa6
39400f25-1046-439f-ae43-4ed7e33a3d6d,79fdbf70-c115-4649-aac7-477e42fd8fa6
39c93071-5b94-443a-9f7a-12fe6d889672,79fdbf70-c115-4649-aac7-477e42fd8fa6
3a028a1d-a0f2-4a1a-81cc-3dec461fa8c8,dc9d89ee-22a8-4218-8e39-bad91f370deb
3a46a69f-e8d8-4e82-aff2-641d42c45318,4af08b16-af05-48c9-99fa-2f3301eb7696
3aad139b-adb0-457a-b4a4-2b6756efc4f6,90b57cce-1646-4fae-bd0b-003eb0d61c96
3b3ecc2c-d681-4357-bfc4-5c2dc328fe05,dc9d89ee-22a8-4218-8e39-bad91f370deb
3b8e3d5c-b2f3-4c86-8f48-5787b23dc8e2,74eb6f32-21b3-4edc-8de7-ba89025b37b5
3beb4df0-b8d2-4347-b75f-78583cb5a076,79fdbf70-c115-4649-aac7-477e42fd8fa6
3c0d39da-6948-44b4-8f4f-2fc3a835a155,74eb6f32-21b3-4edc-8de7-ba89025b37b5
3c955ea8-fd6a-431f-84be-194902d0b44e,4484a12c-2db6-4cba-9c80-bf881f981786
3c955ea8-fd6a-431f-84be-194902d0b44e,90b57cce-1646-4fae-bd0b-003eb0d61c96
3ca70c28-20a1-4ba4-b74a-88d482e8c41c,bb3388d6-cb6c-45d6-9cd9-45e3c80bee7a
3cc5d30c-7326-4795-9e7b-79d91ecc9434,79fdbf70-c115-4649-aac7-477e42fd8fa6
3cc64051-b9ae-40fd-8e67-34fceffe636a,90b57cce-1646-4fae-bd0b-003eb0d61c96
3d455ff0-accf-4e53-8f7a-052cb0ad2e51,4af08b16-af05-48c9-99fa-2f3301eb7696
3d4a547f-9b23-4ada-a48b-e03becec10ab,79fdbf70-c115-4649-aac7-477e42fd8fa6
3d5f4bce-80f9-4d61-9f0d-5faa9476ca62,79fdbf70-c115-4649-aac7-477e42fd8fa6
3dd8dd31-0934-419f-abeb-ad2cb1404ee1,79fdbf70-c115-4649-aac7-477e42fd8fa6
3de260c7-0af4-47e0-b788-796c91f06bbf,08b703b3-530a-4ea1-8b9b-e8a5252a3586
3e0577f2-4d52-4418-8bfc-9594858c0e9d,dc9d89ee-22a8-4218-8e39-bad91f370deb
3e4b58bd-9e46-46d4-b6c8-4aa51fb03fcb,79fdbf70-c115-4649-aac7-477e42fd8fa6
3eee92f8-00fd-4414-ad51-fa08ed9f9b67,90b57cce-1646-4fae-bd0b-003eb0d61c96
3f018812-2540-4304-a25d-6b676a4be2fe,79fdbf70-c115-4649-aac7-477e42fd8fa6
3f0df793-40ac-4a10-874f-45d97f8787b3,dc9d89ee-22a8-4218-8e39-bad91f370deb
3fb966b0-09b4-4600-a671-2ce4049a514d,dc9d89ee-22a8-4218-8e39-bad91f370deb
3ff0ceeb-d822-4d7d-9650-922f6c4d7410,08b703b3-530a-4ea1-8b9b-e8a5252a3586
408aee02-518c-43fa-a4a2-f382058493b7,7924ad78-a7b6-41a4-8702-fb5fd86e09c6
408b85f9-ae17-46ce-abbb-181daff10734,bb3388d6-cb6c-45d6-9cd9-45e3c80bee7a
40beace4-41ce-4558-9598-8d4b99ba0b66,08b703b3-530a-4ea1-8b9b-e8a5252a3586
40e43229-8929-460c-a9d1-41ed8ae7e9fb,90b57cce-1646-4fae-bd0b-003eb0d61c96
40f50518-eab9-47bd-bbe1-812dd16c243e,79fdbf70-c115-4649-aac7-477e42fd8fa6
40f6fb9b-549b-4792-88be-cb6df9f8987b,4af08b16-af05-48c9-99fa-2f3301eb7696
417b85ef-6115-48fa-89f6-cb5f6e95fdc0,79fdbf70-c115-4649-aac7-477e42fd8fa6
41cf4a4a-b0a3-4b53-b6f4-8d4aa7e85819,79fdbf70-c115-4649-aac7-477e42fd8fa6
4221562c-e7a2-46c1-94e7-40c65069e869,90b57cce-1646-4fae-bd0b-003eb0d61c96
42338e67-ab39-4922-b30f-2107ad9bbe1e,74eb6f32-21b3-4edc-8de7-ba89025b37b5
42592013-a28c-4b2c-a830-f742a3633cb3,90b57cce-1646-4fae-bd0b-003eb0d61c96
42c322db-a987-40cd-8c91-1eac08ceec73,bb3388d6-cb6c-45d6-9cd9-45e3c80bee7a
4320394a-ba23-4a15-adf1-f4528fa9a6f4,79fdbf70-c115-4649-aac7-477e42fd8fa6
4386244f-7d22-441f-bcc7-c2e2148166ac,bb3388d6-cb6c-45d6-9cd9-45e3c80bee7a
43e093d5-2ef9-41de-a88b-12828be4fdeb,90b57cce-1646-4fae-bd0b-003eb0d61c96
4405b0d5-0452-45d8-abdc-34bd485b1a40,79fdbf70-c115-4649-aac7-477e42fd8fa6
44b262a9-bfc5-4b92-bd31-3014ab3678aa,a7ed0341-99c7-47bb-8cc8-487a2401a734
44c46c33-7f82-4e0a-af4f-05225024ac4b,4af08b16-af05-48c9-99fa-2f3301eb7696
455cba05-841b-450b-a325-bb58793dffbe,dc9d89ee-22a8-4218-8e39-bad91f370deb
45e2dc0d-07fc-4e5c-a3d1-0d2e41e82b52,79fdbf70-c115-4649-aac7-477e42fd8fa6
4610f323-c929-4117-b260-dbe891d9fa01,dc9d89ee-22a8-4218-8e39-bad91f370deb
46222d1f-e5a5-4d8e-8b72-66c43c3fb4b3,bb3388d6-cb6c-45d6-9cd9-45e3c80bee7a
466261af-4f33-49df-8b7d-33dac75fd027,79fdbf70-c115-4649-aac7-477e42fd8fa6
4662766e-bd66-4b04-9fce-e1261a8aac7b,4af08b16-af05-48c9-99fa-2f3301eb7696
4690dd6b-4209-4baa-a5c4-b791a7a27af5,bb3388d6-cb6c-45d6-9cd9-45e3c80bee7a
476070a0-ce82-44ef-92f1-e628ebb87ceb,90b57cce-1646-4fae-bd0b-003eb0d61c96
478a0806-b326-44cf-9626-5fc04cc87401,79fdbf70-c115-4649-aac7-477e42fd8fa6
478a6623-9466-452c-96a1-fc44c5b9779a,90b57cce-1646-4fae-bd0b-003eb0d61c96
47943fcf-b245-4191-af74-29a9573f1850,79fdbf70-c115-4649-aac7-477e42fd8fa6
479613c1-1cc1-47dd-81ee-3f04d7e67e3c,79fdbf70-c115-4649-aac7-477e42fd8fa6
47a09f37-df4c-4a06-aedf-59cd828fe76e,79fdbf70-c115-4649-aac7-477e42fd8fa6
47a458bc-4773-44b8-aa3a-79713ec3b20a,08b703b3-530a-4ea1-8b9b-e8a5252a3586
47a47474-5d97-469d-8445-e0eb941fa487,a7ed0341-99c7-47bb-8cc8-487a2401a734
47b90abf-813e-453a-bd56-00dfda2042ce,79fdbf70-c115-4649-aac7-477e42fd8fa6
4849c42c-a032-470e-80cd-e85d73545e6f,74eb6f32-21b3-4edc-8de7-ba89025b37b5
48c34c98-c204-46e9-b173-6f1f7c3f8305,79fdbf70-c115-4649-aac7-477e42fd8fa6
48dfece1-d5ce-4a92-a675-694e7eeabfb9,74eb6f32-21b3-4edc-8de7-ba89025b37b5
48dfface-9c61-48bb-9af1-9b239a8a9ff6,79fdbf70-c115-4649-aac7-477e42fd8fa6
49392d74-4079-4c84-8916-3159fb32d9d4,08b703b3-530a-4ea1-8b9b-e8a5252a3586
496f430a-13dd-4032-97ac-288f40eb4a91,79fdbf70-c115-4649-aac7-477e42fd8fa6
49746a7d-0c75-4ba6-b269-22efde1f63c9,bb3388d6-cb6c-45d6-9cd9-45e3c80bee7a
4974f3e0-b9e6-472b-b4af-0305a09564aa,bb3388d6-cb6c-45d6-9cd9-45e3c80bee7a
497965ed-859a-47ef-b479-da3ca4d2e831,bb3388d6-cb6c-45d6-9cd9-45e3c80bee7a
49eb6091-77bb-40bf-9e00-f52790c04cd1,dc9d89ee-22a8-4218-8e39-bad91f370deb
49f53f3d-bb32-4c7a-a787-37a55e438351,90b57cce-1646-4fae-bd0b-003eb0d61c96
4a98543c-606c-47ef-bd93-f4fa4354a1d5,bb3388d6-cb6c-45d6-9cd9-45e3c80bee7a
4b0bd70a-cfeb-4a84-913c-cf16c6f173f9,08b703b3-530a-4ea1-8b9b-e8a5252a3586
4b10f1db-72a1-4e9f-8534-24ac809dfc54,7924ad78-a7b6-41a4-8702-fb5fd86e09c6
4b394ff0-c89f-40b9-a070-d7784250b44a,79fdbf70-c115-4649-aac7-477e42fd8fa6
4b462a0a-5fe2-487b-9a57-e809aa104a01,dc9d89ee-22a8-4218-8e39-bad91f370deb
4b4a4938-de16-4f2f-8298-ff7ab5096ef1,90b57cce-1646-4fae-bd0b-003eb0d61c96
4b4e9d86-71ba-4162-8dfe-293133581f37,90b57cce-1646-4fae-bd0b-003eb0d61c96
4b5967ee-2742-4c4f-8cae-21edfb545a61,7924ad78-a7b6-41a4-8702-fb5fd86e09c6
4b90de7d-e432-487c-b14b-c41af4d34db5,dc9d89ee-22a8-4218-8e39-bad91f370deb
4bb341a7-a5ee-4178-b07c-56d2fc2122c6,dc9d89ee-22a8-4218-8e39-bad91f370deb
4c409136-b10f-4698-9e75-dfaf2b0797f8,90b57cce-1646-4fae-bd0b-003eb0d61c96
4c519a4a-06dd-4775-9ae0-fe981b25742c,90b57cce-1646-4fae-bd0b-003eb0d61c96
4c7fa80f-f93a-4360-8986-659037dff967,bb3388d6-cb6c-45d6-9cd9-45e3c80bee7a
4c9335a4-d6d5-4e31-8e58-61046b28d092,08b703b3-530a-4ea1-8b9b-e8a5252a3586
4cf68237-7b97-4359-8fc0-a8a1eb6d3407,79fdbf70-c115-4649-aac7-477e42fd8fa6
4cfdcfa3-335b-4ec5-a9b6-12baaeda2b9b,90b57cce-1646-4fae-bd0b-003eb0d61c96
4d0587d2-bc04-4bd0-9c11-d8a80c980dbc,90b57cce-1646-4fae-bd0b-003eb0d61c96
4d172b7f-0d8d-4490-ad31-a08e66d5469d,74eb6f32-21b3-4edc-8de7-ba89025b37b5
4d80ee99-5b0d-4f4a-9594-3d6412d12751,90b57cce-1646-4fae-bd0b-003eb0d61c96
4dba5753-48b6-40d2-9ef6-c0274ba4c4ab,74eb6f32-21b3-4edc-8de7-ba89025b37b5
4e45e290-5bb5-4b7e-a692-e91dcb7d433d,79fdbf70-c115-4649-aac7-477e42fd8fa6
4e516273-9a3b-41cd-9ff8-9aafedd5cd78,7924ad78-a7b6-41a4-8702-fb5fd86e09c6
4e9d8ce7-c307-4e3b-85f8-5aa43a7febc7,bb3388d6-cb6c-45d6-9cd9-45e3c80bee7a
4eae45fe-103e-435b-b6c8-61ffce421ced,4484a12c-2db6-4cba-9c80-bf881f981786
4eec95c2-c643-4a38-8d41-f65fa2d8a15b,90b57cce-1646-4fae-bd0b-003eb0d61c96
4f2543c5-ac17-43d1-bbc7-ddc7bce4df40,79fdbf70-c115-4649-aac7-477e42fd8fa6
4f7b54c8-1b6b-4604-8a8d-fc4862096eb6,90b57cce-1646-4fae-bd0b-003eb0d61c96
4f7d4987-5e24-404e-a132-4d52e1e16b6e,dc9d89ee-22a8-4218-8e39-bad91f370deb
4fb026b0-cfdc-4a7f-a612-ff3cf6cc69ba,7924ad78-a7b6-41a4-8702-fb5fd86e09c6
4fcf20df-6b22-45c4-8833-24d7d64a380b,90b57cce-1646-4fae-bd0b-003eb0d61c96
4ff058e3-a5f0-4842-b9c8-4a38c756eba8,79fdbf70-c115-4649-aac7-477e42fd8fa6
508ccf3f-3824-468c-8091-4435fccdccef,74eb6f32-21b3-4edc-8de7-ba89025b37b5
508f7431-fc5e-40ae-a3ca-b2dc4339f0df,dc9d89ee-22a8-4218-8e39-bad91f370deb
51681a2b-cd43-47cc-aaa5-ccda75c7f61c,4cc6d286-7158-4dae-b524-27d37315804c
517e49a8-448d-43ae-8482-07a3ed014087,bb3388d6-cb6c-45d6-9cd9-45e3c80bee7a
5193dfd3-a4f7-4d48-b8e3-d7505c0c4ff6,90b57cce-1646-4fae-bd0b-003eb0d61c96
51986744-e57c-40e3-b0bf-636a37b1f3f1,dc9d89ee-22a8-4218-8e39-bad91f370deb
51b99a57-9ab1-400a-ab52-9c6e3442d1e1,79fdbf70-c115-4649-aac7-477e42fd8fa6
51dd3fa7-845a-44d3-bbe0-fe5755df2818,bb3388d6-cb6c-45d6-9cd9-45e3c80bee7a
528f9901-b5e5-4ff6-8eb4-4f18932d41ac,90b57cce-1646-4fae-bd0b-003eb0d61c96
52c38bad-311e-4230-8ed9-cef9f4b5b56d,79fdbf70-c115-4649-aac7-477e42fd8fa6
533e952c-1812-4a4e-bcae-86edcf4f77e4,90b57cce-1646-4fae-bd0b-003eb0d61c96
53402913-d1e2-401c-a3b4-1493c34de903,90b57cce-1646-4fae-bd0b-003eb0d61c96
5396cce4-61ab-4686-8b80-712658a1c20d,7924ad78-a7b6-41a4-8702-fb5fd86e09c6
539b9021-0c84-40ef-8046-000df34450ff,bb3388d6-cb6c-45d6-9cd9-45e3c80bee7a
53cedbae-11f5-4206-9ff9-86e7c7efb11c,4484a12c-2db6-4cba-9c80-bf881f981786
53d09057-aa82-4c7b-99e6-a2fa37f7e936,4484a12c-2db6-4cba-9c80-bf881f981786
543ed299-70f0-45f8-802c-8d3705a28324,79fdbf70-c115-4649-aac7-477e42fd8fa6
55076e79-6878-4f23-961b-4a1be3d880ab,79fdbf70-c115-4649-aac7-477e42fd8fa6
55158c77-c987-4327-acc0-05105a15ba33,74eb6f32-21b3-4edc-8de7-ba89025b37b5
5521fff6-29b9-4248-a404-5ed9e9193e5d,7924ad78-a7b6-41a4-8702-fb5fd86e09c6
552d8081-86a8-4ea6-acb4-61ab419c9785,bb3388d6-cb6c-45d6-9cd9-45e3c80bee7a
55623dc7-3931-4e62-b076-4c19f50aa6c9,79fdbf70-c115-4649-aac7-477e42fd8fa6
560e665e-1dfd-4e70-9fef-73383dcab49b,90b57cce-1646-4fae-bd0b-003eb0d61c96
5619589e-48db-4557-9963-5e4b7ed9048a,4cc6d286-7158-4dae-b524-27d37315804c
5690b0d8-55ec-42c4-9f9c-bcb0dc6be5d2,08b703b3-530a-4ea1-8b9b-e8a5252a3586
56c95946-4dbf-4fb5-8da0-3e92d7a3a840,79fdbf70-c115-4649-aac7-477e42fd8fa6
56e14300-4e77-4112-8527-e3ad9aed0304,4484a12c-2db6-4cba-9c80-bf881f981786
573c2870-8cb4-44fa-b85e-2669cd4040ad,dc9d89ee-22a8-4218-8e39-bad91f370deb
57db0d18-6638-40d6-a842-477042f00199,a7ed0341-99c7-47bb-8cc8-487a2401a734
57de586c-61f2-4be2-ab48-aac379e9e85c,74eb6f32-21b3-4edc-8de7-ba89025b37b5
58b2415f-698e-4633-a026-36a590b3f38a,74eb6f32-21b3-4edc-8de7-ba89025b37b5
590ff323-5072-4be7-8ce0-f82e0d9db1f7,dc9d89ee-22a8-4218-8e39-bad91f370deb
595fa9c8-dad8-4e50-b035-a87acd2a3390,bb3388d6-cb6c-45d6-9cd9-45e3c80bee7a
598c333d-0126-4788-b4c0-745557b3b00a,79fdbf70-c115-4649-aac7-477e42fd8fa6
59d263f3-ee84-4b0a-9eb0-3e469c44f387,79fdbf70-c115-4649-aac7-477e42fd8fa6
59ff717e-2208-4dcd-9d3c-60ddc4fd5fbf,90b57cce-1646-4fae-bd0b-003eb0d61c96
5a0de554-4d13-4748-afe1-1e86c55f8bec,bb3388d6-cb6c-45d6-9cd9-45e3c80bee7a
5a209e93-048d-4469-a0ec-305c492286b8,bb3388d6-cb6c-45d6-9cd9-45e3c80bee7a
5a328f9e-29ab-453a-aee7-9fecf8a06749,dc9d89ee-22a8-4218-8e39-bad91f370deb
5a46f045-6102-4852-8fab-ec3a876e9652,4af08b16-af05-48c9-99fa-2f3301eb7696
5a4e6f74-b8f3-45b9-bd8f-5f9a07bf4a66,4af08b16-af05-48c9-99fa-2f3301eb7696
5a914f6b-f83a-4012-9453-6bcd1d205e37,79fdbf70-c115-4649-aac7-477e42fd8fa6
5aca2361-f51d-461b-9624-31e2a9f0307f,90b57cce-1646-4fae-bd0b-003eb0d61c96
5acbca9c-6859-460a-b5d9-5082edbdcd76,79fdbf70-c115-4649-aac7-477e42fd8fa6
5b30b469-134b-4f66-8c55-9f64a76baa1a,4af08b16-af05-48c9-99fa-2f3301eb7696
5b65c106-404b-409e-8b4b-2d405fbac814,79fdbf70-c115-4649-aac7-477e42fd8fa6
5bac6524-eca4-41b0-834a-6e5a83b5405c,08b703b3-530a-4ea1-8b9b-e8a5252a3586
5bad1849-b247-4167-a979-50d81c150c2c,7924ad78-a7b6-41a4-8702-fb5fd86e09c6
5c0f28e7-f040-4fd6-b234-88c16532799a,dc9d89ee-22a8-4218-8e39-bad91f370deb
5c11afc7-fc6e-415b-b411-2e8c48c67183,79fdbf70-c115-4649-aac7-477e42fd8fa6
5ce9c705-801f-49f7-b4b5-4bba4fb87ad3,74eb6f32-21b3-4edc-8de7-ba89025b37b5
5edc61c8-71b8-456a-88a0-a6b3eb05d972,dc9d89ee-22a8-4218-8e39-bad91f370deb
5f0597ba-84dd-45bb-b798-1872935562cb,bb3388d6-cb6c-45d6-9cd9-45e3c80bee7a
5f680bcf-d111-4370-a6b9-f1ef3e85d003,79fdbf70-c115-4649-aac7-477e42fd8fa6
5f6fca0c-0421-49e6-b0dd-7be64f38e171,79fdbf70-c115-4649-aac7-477e42fd8fa6
5fd1a0f6-5022-4a18-9b11-e097aa109ade,4cc6d286-7158-4dae-b524-27d37315804c
600ce451-cf04-4a07-9d65-78647d7dcc77,7924ad78-a7b6-41a4-8702-fb5fd86e09c6
60acea8e-69a9-47f5-89e8-bff3e69a1378,bb3388d6-cb6c-45d6-9cd9-45e3c80bee7a
60cd4444-f724-44a0-bdef-5302ff1ac88f,7924ad78-a7b6-41a4-8702-fb5fd86e09c6
60f4eb77-d0c2-4db6-95ef-826d26261bea,08b703b3-530a-4ea1-8b9b-e8a5252a3586
60f9e22e-b883-4ef7-875c-fc0d4374c994,90b57cce-1646-4fae-bd0b-003eb0d61c96
6122418e-27df-4cb2-b5d5-03c111278ec9,bb3388d6-cb6c-45d6-9cd9-45e3c80bee7a
614a8c52-9f45-4eb7-9900-625707da6685,bb3388d6-cb6c-45d6-9cd9-45e3c80bee7a
61b5b5ea-ae6e-4b18-aea2-f8bd039d3118,dc9d89ee-22a8-4218-8e39-bad91f370deb
61cc06ec-821a-4d24-b930-d2668cd3deb9,bb3388d6-cb6c-45d6-9cd9-45e3c80bee7a
61dc4610-81d8-41d2-bf8a-55650f3f2244,dc9d89ee-22a8-4218-8e39-bad91f370deb
61e4204d-c9bd-4c90-97f2-88ce00193c00,dc9d89ee-22a8-4218-8e39-bad91f370deb
61ecb83e-4978-4f0e-89b6-eeae790ac549,79fdbf70-c115-4649-aac7-477e42fd8fa6
62166187-6bc1-4203-9517-b9d8adfd69d6,dc9d89ee-22a8-4218-8e39-bad91f370deb
62abdabf-1c97-42a5-932e-d4c0ddf87381,bb3388d6-cb6c-45d6-9cd9-45e3c80bee7a
62bccf78-b46b-4b84-a178-023ea113c0ef,bb3388d6-cb6c-45d6-9cd9-45e3c80bee7a
62ed7f19-5857-4041-babd-a4541e805ead,7924ad78-a7b6-41a4-8702-fb5fd86e09c6
634c7a2d-2e24-4798-92a0-5676562a4e95,4cc6d286-7158-4dae-b524-27d37315804c
6372ae6d-c8dd-4fbe-9e08-6ba1b2f39f5f,79fdbf70-c115-4649-aac7-477e42fd8fa6
6421988d-e16c-4bb5-a98d-8bc63544695f,74eb6f32-21b3-4edc-8de7-ba89025b37b5
642fde8e-acd1-46cc-ad5f-5a7e2dbaab59,79fdbf70-c115-4649-aac7-477e42fd8fa6
64f37905-501f-412f-bdf6-f38ec284dc06,4484a12c-2db6-4cba-9c80-bf881f981786
650fbbe6-2725-436d-8b62-f29e9c39c55f,08b703b3-530a-4ea1-8b9b-e8a5252a3586
652a140d-57ad-4b12-908f-ce995c16c8e5,4af08b16-af05-48c9-99fa-2f3301eb7696
65c3bbce-80ab-4536-974e-0d704c74614c,90b57cce-1646-4fae-bd0b-003eb0d61c96
65e4554e-79d7-4210-bcc4-02632f1c6de5,79fdbf70-c115-4649-aac7-477e42fd8fa6
65f699a9-3689-4523-b463-2ac21c2705de,79fdbf70-c115-4649-aac7-477e42fd8fa6
660266d4-2caa-4115-89dc-51065db07b42,08b703b3-530a-4ea1-8b9b-e8a5252a3586
66388c9c-8840-4cb9-b9e8-f13376ddd76c,7924ad78-a7b6-41a4-8702-fb5fd86e09c6
6646586e-638d-4e41-bec4-8fb80c8e2bbc,79fdbf70-c115-4649-aac7-477e42fd8fa6
6666018f-5002-48e6-9531-ad955501fd0f,dc9d89ee-22a8-4218-8e39-bad91f370deb
667ea3ac-a5b5-4195-9d16-2d1b77688e34,79fdbf70-c115-4649-aac7-477e42fd8fa6
668f6c5c-f78f-4707-8f70-cd4fd124a5bd,dc9d89ee-22a8-4218-8e39-bad91f370deb
669a1634-923d-4a3c-9c83-734b37b0a35c,79fdbf70-c115-4649-aac7-477e42fd8fa6
66d721ae-fcaa-49e4-8691-4bcc5cef539b,4af08b16-af05-48c9-99fa-2f3301eb7696
67492e27-86ae-4b42-b8c2-5c9023627f0d,dc9d89ee-22a8-4218-8e39-bad91f370deb
67899a39-164d-4211-9f9d-0dc1667d931c,79fdbf70-c115-4649-aac7-477e42fd8fa6
67a4b3d2-3f9e-40c5-9ee4-f4eea6cc552b,08b703b3-530a-4ea1-8b9b-e8a5252a3586
687ff610-7f40-4f4e-9aef-760298563b9f,bb3388d6-cb6c-45d6-9cd9-45e3c80bee7a
6891acae-28b3-472f-b8a9-21221f8cdaea,4484a12c-2db6-4cba-9c80-bf881f981786
68b90506-7d25-47eb-a4bc-9da59265ba35,90b57cce-1646-4fae-bd0b-003eb0d61c96
68ff27cb-e489-4ae1-8cbd-8b9d4df930e5,bb3388d6-cb6c-45d6-9cd9-45e3c80bee7a
694d5ec0-b4c1-4bd1-9352-6ec57e24d280,a7ed0341-99c7-47bb-8cc8-487a2401a734
695a804a-0c3b-43ee-9092-18ab1ac9551d,90b57cce-1646-4fae-bd0b-003eb0d61c96
697c0d16-a485-4e74-adba-15c70c55b4c7,79fdbf70-c115-4649-aac7-477e42fd8fa6
69ab14d9-6355-49c7-b23a-52df55e809bb,4484a12c-2db6-4cba-9c80-bf881f981786
69ee1666-fcd1-4c83-ba20-4c2bbc9b88da,bb3388d6-cb6c-45d6-9cd9-45e3c80bee7a
6a7cde23-5f2d-4f4e-95bb-211d5d3c588a,79fdbf70-c115-4649-aac7-477e42fd8fa6
6a98af45-15a3-48bc-8f95-8cda7cacf067,79fdbf70-c115-4649-aac7-477e42fd8fa6
6ad25ba3-27b6-4627-b636-1698c336757b,dc9d89ee-22a8-4218-8e39-bad91f370deb
6b686ea5-86e4-4de6-b561-a50c694efd26,74eb6f32-21b3-4edc-8de7-ba89025b37b5
6b92dae0-a9a3-4e38-bcec-3ce37cb50b3f,4cc6d286-7158-4dae-b524-27d37315804c
6bc5771b-1aa9-4450-a62f-85610d58ab0a,74eb6f32-21b3-4edc-8de7-ba89025b37b5
6c35cb7a-6560-49d1-bc11-7a13afa616a7,7924ad78-a7b6-41a4-8702-fb5fd86e09c6
6d6a9484-c6f2-4128-a5c4-71c760fa903d,79fdbf70-c115-4649-aac7-477e42fd8fa6
6df8656e-6315-4b70-92c7-2469aee3b154,74eb6f32-21b3-4edc-8de7-ba89025b37b5
6e5d90b9-31d8-45aa-be26-d0d4db69ea5d,4af08b16-af05-48c9-99fa-2f3301eb7696
6e9a279c-1b55-4f9e-b722-a78b2343da19,08b703b3-530a-4ea1-8b9b-e8a5252a3586
6ec1a168-ad39-4eed-848d-b7c6698213d1,74eb6f32-21b3-4edc-8de7-ba89025b37b5
6ee8050b-cf7a-4cd0-9686-92f1ac5f30e1,4484a12c-2db6-4cba-9c80-bf881f981786
6ef54402-080a-4dd9-bd9d-1f9797dcb1f2,90b57cce-1646-4fae-bd0b-003eb0d61c96
6f186c78-8f69-4533-b581-e571023c2345,08b703b3-530a-4ea1-8b9b-e8a5252a3586
6f73f48a-6e68-4610-9d76-028afd6d2424,7924ad78-a7b6-41a4-8702-fb5fd86e09c6
7122c375-93f3-4b61-8910-e8776ecadeb0,79fdbf70-c115-4649-aac7-477e42fd8fa6
715e9bbe-d7ec-4e86-a79c-d075f9925d44,bb3388d6-cb6c-45d6-9cd9-45e3c80bee7a
71a92b03-b7f4-45a9-bf1b-d6e5958822c6,74eb6f32-21b3-4edc-8de7-ba89025b37b5
7218e1dc-f4b2-4642-a75a-e0eb45432894,90b57cce-1646-4fae-bd0b-003eb0d61c96
7233d50a-ea5b-4225-b04f-d8a784c5c91a,bb3388d6-cb6c-45d6-9cd9-45e3c80bee7a
72d3fbff-af16-4cbd-883c-e967d884d5b2,08b703b3-530a-4ea1-8b9b-e8a5252a3586
731fd211-1800-4e74-95c3-7eb4565a7ac3,4484a12c-2db6-4cba-9c80-bf881f981786
732c670e-21fa-44f1-a790-ddf1a77a8d46,bb3388d6-cb6c-45d6-9cd9-45e3c80bee7a
734e8705-053d-4634-9667-7083d627d86b,4484a12c-2db6-4cba-9c80-bf881f981786
73774148-4ab2-4b8b-b2d8-a7909fc68786,4484a12c-2db6-4cba-9c80-bf881f981786
73d167f3-9979-458d-a519-320941a63021,4cc6d286-7158-4dae-b524-27d37315804c
740a690f-6023-45e6-905a-2544d8bcff3e,4484a12c-2db6-4cba-9c80-bf881f981786
742910bf-be31-47d2-98cd-94dfe8fc9fe9,bb3388d6-cb6c-45d6-9cd9-45e3c80bee7a
749375bb-923e-46da-a454-af3f623f9188,90b57cce-1646-4fae-bd0b-003eb0d61c96
75032193-529a-4671-a32d-34ef24aa2481,90b57cce-1646-4fae-bd0b-003eb0d61c96
750cfda3-c5db-43d2-afcd-829a3bf531d1,79fdbf70-c115-4649-aac7-477e42fd8fa6
75142b12-1070-4b5b-91ff-2944d40e9958,bb3388d6-cb6c-45d6-9cd9-45e3c80bee7a
7535f356-57ad-4817-bf07-ec2eecb65326,08b703b3-530a-4ea1-8b9b-e8a5252a3586
75e5b1a3-d2b4-4e65-878d-5c70f67b2d03,79fdbf70-c115-4649-aac7-477e42fd8fa6
75f284ad-ae7a-405f-9831-d0152a96b82e,90b57cce-1646-4fae-bd0b-003eb0d61c96
771556c9-a52d-4d82-b3c7-c458b0d191e4,79fdbf70-c115-4649-aac7-477e42fd8fa6
7768017a-31b6-4b0b-a35f-b1d540c69674,bb3388d6-cb6c-45d6-9cd9-45e3c80bee7a
776cec9e-c00d-4473-98ad-1fccd83d4814,dc9d89ee-22a8-4218-8e39-bad91f370deb
777f2a7b-10a8-41f1-9cb9-4111595cf12e,79fdbf70-c115-4649-aac7-477e42fd8fa6
77aca4d0-1089-48d8-a07f-c8f33174e211,08b703b3-530a-4ea1-8b9b-e8a5252a3586
77f1adb2-ab61-4c16-85b0-b81b5130d9b1,bb3388d6-cb6c-45d6-9cd9-45e3c80bee7a
7820c404-c162-4f48-ad5e-c84b76cb874f,bb3388d6-cb6c-45d6-9cd9-45e3c80bee7a
795a3bbd-b590-42ba-9c93-59c6826993fb,bb3388d6-cb6c-45d6-9cd9-45e3c80bee7a
79b96fe7-e952-4116-b3e2-624da790e65c,4cc6d286-7158-4dae-b524-27d37315804c
7a13f21e-6375-45c2-8a72-11d7b6b575a1,79fdbf70-c115-4649-aac7-477e42fd8fa6
7a13f21e-6375-45c2-8a72-11d7b6b575a1,90b57cce-1646-4fae-bd0b-003eb0d61c96
7a99287e-1bf5-495b-af91-0f62708dad87,4484a12c-2db6-4cba-9c80-bf881f981786
7b071e0b-d92c-44ee-85f2-0f851308e2bc,7924ad78-a7b6-41a4-8702-fb5fd86e09c6
7b2a8da1-9f2c-40f7-ac37-77d698329836,7924ad78-a7b6-41a4-8702-fb5fd86e09c6
7b8e82d4-cc2d-4ef3-86b4-6dbcbcb0233a,bb3388d6-cb6c-45d6-9cd9-45e3c80bee7a
7b99a527-9082-46a8-8f8e-93d8aa1ddbfd,08b703b3-530a-4ea1-8b9b-e8a5252a3586
7c198376-1c6d-4d61-add3-460f1cbda4c7,4484a12c-2db6-4cba-9c80-bf881f981786
7c646aff-83e6-4d2c-849e-f2c0cf7a672c,79fdbf70-c115-4649-aac7-477e42fd8fa6
7c6ba5a8-7421-464e-b5a8-5a79ebda3ced,79fdbf70-c115-4649-aac7-477e42fd8fa6
7ca00009-7e39-4c15-b026-524a06d1a047,bb3388d6-cb6c-45d6-9cd9-45e3c80bee7a
7ca6ef71-8534-475c-8f41-eff3ef8090b4,79fdbf70-c115-4649-aac7-477e42fd8fa6
7cb8305f-8816-411c-afa1-4e9fb7530d38,74eb6f32-21b3-4edc-8de7-ba89025b37b5
7cbaf33a-bc71-4684-b4df-c3d19176c8ee,90b57cce-1646-4fae-bd0b-003eb0d61c96
7d369c53-e655-4860-86f3-7b7c4ae5d63c,79fdbf70-c115-4649-aac7-477e42fd8fa6
7d56f6c9-ea4a-4cd4-8792-80a9561108e1,90b57cce-1646-4fae-bd0b-003eb0d61c96
7d7fc618-bae6-40b0-a48e-d2f8b8cdeef0,bb3388d6-cb6c-45d6-9cd9-45e3c80bee7a
7d873c51-332e-4a5f-8336-88671fe149d5,bb3388d6-cb6c-45d6-9cd9-45e3c80bee7a
7daadd98-6361-4e1c-9760-64cd2a313e28,90b57cce-1646-4fae-bd0b-003eb0d61c96
7dc25830-ced3-4208-a997-f165e748a8b8,90b57cce-1646-4fae-bd0b-003eb0d61c96
7dd1329b-4453-4158-9be7-8d8818ba09a0,dc9d89ee-22a8-4218-8e39-bad91f370deb
7df78ef9-db1c-4bcc-8c61-5e8bffdbb4d9,bb3388d6-cb6c-45d6-9cd9-45e3c80bee7a
7dfabb91-466f-47db-ba4e-eca092637ada,79fdbf70-c115-4649-aac7-477e42fd8fa6
7e37637e-0a2d-47f1-810f-ae1bffab7a69,7924ad78-a7b6-41a4-8702-fb5fd86e09c6
7f584519-8dc6-4e5f-bf08-ea3306944ed0,bb3388d6-cb6c-45d6-9cd9-45e3c80bee7a
7f67dfef-6f50-4c29-8539-fdd0fe33347f,08b703b3-530a-4ea1-8b9b-e8a5252a3586
7fe1c20d-bcf5-4218-bbc6-d33357faea4c,7924ad78-a7b6-41a4-8702-fb5fd86e09c6
80306b5d-8c9e-45dd-b123-49ac5273a3f1,90b57cce-1646-4fae-bd0b-003eb0d61c96
80aa8940-b188-4b93-85b8-ba5160cee698,dc9d89ee-22a8-4218-8e39-bad91f370deb
80def1f8-f679-45fd-b47d-976f7041527c,79fdbf70-c115-4649-aac7-477e42fd8fa6
81115267-8ccb-4ab4-9be4-5c292bd379df,dc9d89ee-22a8-4218-8e39-bad91f370deb
8113d1a9-ea97-47c4-82b6-e04dbc5b20e0,4af08b16-af05-48c9-99fa-2f3301eb7696
813d5d20-9f6b-4bc8-b2bd-b39a1f611b23,79fdbf70-c115-4649-aac7-477e42fd8fa6
818d9d30-e439-4e2c-91d1-e39ace52296b,dc9d89ee-22a8-4218-8e39-bad91f370deb
81cec755-0fe5-48fc-ae0a-b622c2f69386,79fdbf70-c115-4649-aac7-477e42fd8fa6
81dd83d7-4f64-42d8-a0c1-18e6a2fcae7f,79fdbf70-c115-4649-aac7-477e42fd8fa6
81f7bb07-11cf-4db8-a024-2d02fce24c5b,bb3388d6-cb6c-45d6-9cd9-45e3c80bee7a
824a44ee-d1b2-4f7f-94a0-b42edd6db628,90b57cce-1646-4fae-bd0b-003eb0d61c96
82637fea-6ac8-42cb-809e-d91979c2759e,74eb6f32-21b3-4edc-8de7-ba89025b37b5
82f5c7a2-66cf-406a-9bf1-3d5fbb3aa439,79fdbf70-c115-4649-aac7-477e42fd8fa6
82fc3af3-bca7-46aa-afb3-57531564bdbd,79fdbf70-c115-4649-aac7-477e42fd8fa6
830b9265-f787-403a-b81d-c433e8dbf3fe,79fdbf70-c115-4649-aac7-477e42fd8fa6
8310b969-dce6-4b9d-92d3-4a596e81947e,90b57cce-1646-4fae-bd0b-003eb0d61c96
8385167e-6e3a-4926-8cf2-6f7f4990f002,90b57cce-1646-4fae-bd0b-003eb0d61c96
8385ec1a-502b-4d68-b4fc-c3c397caf717,bb3388d6-cb6c-45d6-9cd9-45e3c80bee7a
839b7f70-11ae-4f01-91cb-3ad78b026916,90b57cce-1646-4fae-bd0b-003eb0d61c96
843b7e10-4189-48e4-aaf1-5fc261e1febc,bb3388d6-cb6c-45d6-9cd9-45e3c80bee7a
8465752e-e748-4c93-8b31-6ba4c22286f9,4af08b16-af05-48c9-99fa-2f3301eb7696
84681568-7612-4045-adc1-84d5bacd98ae,79fdbf70-c115-4649-aac7-477e42fd8fa6
84d508d6-744f-43fc-828e-1d087eab5ae3,74eb6f32-21b3-4edc-8de7-ba89025b37b5
855a44f4-49ae-43fa-8426-082dd43fb7ab,bb3388d6-cb6c-45d6-9cd9-45e3c80bee7a
858af94a-b407-4fe3-b99d-696118c44691,4af08b16-af05-48c9-99fa-2f3301eb7696
86075d03-0818-437a-96a1-1c956e440f97,4af08b16-af05-48c9-99fa-2f3301eb7696
8635ccc0-b509-4646-aae6-d8bed77c0e03,79fdbf70-c115-4649-aac7-477e42fd8fa6
867e6e7f-5db2-462c-b94a-1d471fb950a1,79fdbf70-c115-4649-aac7-477e42fd8fa6
86c56cdc-8105-4329-85e9-e27bccdf4271,90b57cce-1646-4fae-bd0b-003eb0d61c96
8706bb8d-5d1d-41b8-a58f-def8b63920cb,dc9d89ee-22a8-4218-8e39-bad91f370deb
87346e58-7ef1-4b83-9194-10889ecacede,bb3388d6-cb6c-45d6-9cd9-45e3c80bee7a
873cfc8f-cad7-456a-bb0f-f61246a8933e,79fdbf70-c115-4649-aac7-477e42fd8fa6
879f0813-9371-4947-8e85-733a733ac6f8,dc9d89ee-22a8-4218-8e39-bad91f370deb
87c355ad-5010-40be-b8f0-fbf043bd68f3,4af08b16-af05-48c9-99fa-2f3301eb7696
87d04d07-72cf-4e85-8e0f-ebff6d0ffc25,a7ed0341-99c7-47bb-8cc8-487a2401a734
87efb6b2-66f8-49a5-84e1-d1d14349c373,dc9d89ee-22a8-4218-8e39-bad91f370deb
88048e9a-515e-485e-8a59-00572eb58ab1,79fdbf70-c115-4649-aac7-477e42fd8fa6
88244c69-11b2-45ae-8ce6-2e52ff8c0b03,79fdbf70-c115-4649-aac7-477e42fd8fa6
88482729-696f-48c7-a160-89fcadba8486,dc9d89ee-22a8-4218-8e39-bad91f370deb
884f5416-9928-4c4e-bb90-ee3e4a6f1191,08b703b3-530a-4ea1-8b9b-e8a5252a3586
88617673-5d31-4745-9365-e6a6b247f0f1,dc9d89ee-22a8-4218-8e39-bad91f370deb
88af9294-a71d-4121-8bf0-da14dc9db524,7924ad78-a7b6-41a4-8702-fb5fd86e09c6
88c95b4d-5555-4940-a2b5-2a05237f453f,dc9d89ee-22a8-4218-8e39-bad91f370deb
896faf49-3066-48a5-b449-2415390512c0,bb3388d6-cb6c-45d6-9cd9-45e3c80bee7a
89a077f4-2ee0-45d4-8427-cd537feeabf4,7924ad78-a7b6-41a4-8702-fb5fd86e09c6
89d075cb-e185-47e0-bbfa-60f3107fa8b1,a7ed0341-99c7-47bb-8cc8-487a2401a734
89e4106d-65f2-40ef-875f-3c280469fc19,bb3388d6-cb6c-45d6-9cd9-45e3c80bee7a
8a0be08d-2956-4384-9d89-bb056db13241,90b57cce-1646-4fae-bd0b-003eb0d61c96
8a2b6688-f6a5-4be0-809f-0752175063dd,4cc6d286-7158-4dae-b524-27d37315804c
8a2f2ce2-4dd3-4aae-ac32-e151b2439971,79fdbf70-c115-4649-aac7-477e42fd8fa6
8a446e75-2ee2-4cec-ba63-2d8a024ed04d,74eb6f32-21b3-4edc-8de7-ba89025b37b5
8ae47764-ad15-4417-a5d9-761009b00d9e,bb3388d6-cb6c-45d6-9cd9-45e3c80bee7a
8b551dda-35ed-4455-8d8b-36bb24a3ffd5,79fdbf70-c115-4649-aac7-477e42fd8fa6
8ba79deb-c5de-41ac-abc7-e0f9badffe56,74eb6f32-21b3-4edc-8de7-ba89025b37b5
8bdd3e7a-746b-4f1a-a6f5-1cf9edeb30a3,bb3388d6-cb6c-45d6-9cd9-45e3c80bee7a
8be8d5c5-8630-4641-b104-d1aae1a56d5d,74eb6f32-21b3-4edc-8de7-ba89025b37b5
8bedb00e-7ef0-42eb-97fe-66eb6d369bc3,dc9d89ee-22a8-4218-8e39-bad91f370deb
8c11e67b-d0c1-452c-a2ef-f8778cfc97f7,7924ad78-a7b6-41a4-8702-fb5fd86e09c6
8c4849aa-e547-44f6-b112-aba33d28465d,bb3388d6-cb6c-45d6-9cd9-45e3c80bee7a
8c71f12a-2108-45f8-a3ba-47faaf6c7d3e,7924ad78-a7b6-41a4-8702-fb5fd86e09c6
8ca182e8-d486-407b-aa32-221f2a2724e2,bb3388d6-cb6c-45d6-9cd9-45e3c80bee7a
8cf0b28c-14b5-4643-8b38-1d46b657caff,4cc6d286-7158-4dae-b524-27d37315804c
8cf9ca8a-71d5-4f8d-8f2a-b349d95f10f2,79fdbf70-c115-4649-aac7-477e42fd8fa6
8d205ca2-ce72-4734-a740-810c875fec92,7924ad78-a7b6-41a4-8702-fb5fd86e09c6
8d75cf6f-c123-45d6-8e6c-2d4558f13ed7,bb3388d6-cb6c-45d6-9cd9-45e3c80bee7a
8d852c2b-de91-4a71-8476-f3578470e3a4,79fdbf70-c115-4649-aac7-477e42fd8fa6
8dc93235-c80c-4e8f-b711-734efd79396d,08b703b3-530a-4ea1-8b9b-e8a5252a3586
8dcb9890-bc6f-4adb-8b0c-d074c04696e6,bb3388d6-cb6c-45d6-9cd9-45e3c80bee7a
8de3ef99-42a4-45f7-946e-9d0a019a3659,74eb6f32-21b3-4edc-8de7-ba89025b37b5
8e7b0495-6540-4461-a8ea-c58009311456,74eb6f32-21b3-4edc-8de7-ba89025b37b5
8eaadb89-0c1b-492b-9019-8947bae70798,08b703b3-530a-4ea1-8b9b-e8a5252a3586
8ec6f5bc-b813-4cea-af4f-b0eea69d8e62,79fdbf70-c115-4649-aac7-477e42fd8fa6
8ec89465-2c6e-4e03-8e42-608c75d68779,7924ad78-a7b6-41a4-8702-fb5fd86e09c6
8f575512-24dc-4228-9074-c4be701d0154,bb3388d6-cb6c-45d6-9cd9-45e3c80bee7a
8f69f2b7-63eb-4d29-a4d1-49c963dda58b,4af08b16-af05-48c9-99fa-2f3301eb7696
8f997a3e-10f5-461a-8c97-db356c02c01b,74eb6f32-21b3-4edc-8de7-ba89025b37b5
8fa7617b-2b8d-4679-9160-226e57e54f38,bb3388d6-cb6c-45d6-9cd9-45e3c80bee7a
8fcc22f9-8a6e-46f0-a008-0c9838517cb9,90b57cce-1646-4fae-bd0b-003eb0d61c96
8ffc48ec-5733-4575-8e6c-1acceda77ba7,bb3388d6-cb6c-45d6-9cd9-45e3c80bee7a
90a7ca19-a47e-472d-9fc0-b230a109a214,74eb6f32-21b3-4edc-8de7-ba89025b37b5
90d63fd3-5272-4af2-a868-f86461deaaad,90b57cce-1646-4fae-bd0b-003eb0d61c96
91066f93-65ea-4c31-8bef-4411d1f58319,90b57cce-1646-4fae-bd0b-003eb0d61c96
9139f997-dcc6-4ab2-9c42-1977067c8038,bb3388d6-cb6c-45d6-9cd9-45e3c80bee7a
91882b33-4d65-49a1-a432-d817709c18e2,4cc6d286-7158-4dae-b524-27d37315804c
91c6fd0d-71bd-471a-bde4-ee2a4a658d44,79fdbf70-c115-4649-aac7-477e42fd8fa6
91f9bc4c-36a7-4156-b107-a48f7418d44f,bb3388d6-cb6c-45d6-9cd9-45e3c80bee7a
92613d42-88a0-4d50-a28c-34e936c5e0a9,bb3388d6-cb6c-45d6-9cd9-45e3c80bee7a
926ec080-78a6-4a8a-ba3b-d7f767876d2e,bb3388d6-cb6c-45d6-9cd9-45e3c80bee7a
9329987e-9e61-41c7-ab6a-d824c7183ba7,bb3388d6-cb6c-45d6-9cd9-45e3c80bee7a
934712a0-e3c3-4feb-9152-b88321a60356,4484a12c-2db6-4cba-9c80-bf881f981786
93b9a08b-e51d-4e17-9544-77c40f23c236,90b57cce-1646-4fae-bd0b-003eb0d61c96
93bcc4a3-ec9a-4a77-9b4a-af219384d4d9,90b57cce-1646-4fae-bd0b-003eb0d61c96
93eebcdf-5f9f-4787-b8a7-991020691d3e,90b57cce-1646-4fae-bd0b-003eb0d61c96
94272d83-37b6-4980-868f-56aa6bd6425c,79fdbf70-c115-4649-aac7-477e42fd8fa6
95253f09-8697-4a22-94c4-3442ec931dba,bb3388d6-cb6c-45d6-9cd9-45e3c80bee7a
95b68dcc-9f90-4c3d-884d-11b236794aed,4cc6d286-7158-4dae-b524-27d37315804c
961b3630-d16c-4e84-9bf9-ba55ab3fdb49,dc9d89ee-22a8-4218-8e39-bad91f370deb
96616a86-524c-4a48-8d4b-f448ad12e243,90b57cce-1646-4fae-bd0b-003eb0d61c96
9683856c-d76e-4b98-9596-678970778352,bb3388d6-cb6c-45d6-9cd9-45e3c80bee7a
968fef61-552f-4aa8-9366-06b199723637,bb3388d6-cb6c-45d6-9cd9-45e3c80bee7a
96f6b06b-7a63-4063-a74e-42a961b4aff9,90b57cce-1646-4fae-bd0b-003eb0d61c96
971aa1d7-04eb-4ac5-8884-04dfb1d5ef6b,bb3388d6-cb6c-45d6-9cd9-45e3c80bee7a
97250f46-810d-4dd0-a650-4023233eaa62,4484a12c-2db6-4cba-9c80-bf881f981786
9741c0c6-87a0-498b-a6ca-d8277f935e59,79fdbf70-c115-4649-aac7-477e42fd8fa6
979a8962-a872-42c9-a846-903f1efc8e66,74eb6f32-21b3-4edc-8de7-ba89025b37b5
98176250-3173-477f-91c5-58029638a146,79fdbf70-c115-4649-aac7-477e42fd8fa6
9853f2d3-3b4e-403e-b5a2-ed1babf21144,74eb6f32-21b3-4edc-8de7-ba89025b37b5
98c92290-a17b-4959-83a4-d3d0fe4202b6,bb3388d6-cb6c-45d6-9cd9-45e3c80bee7a
98e3c307-115e-49bf-8742-8cec0b7f9523,bb3388d6-cb6c-45d6-9cd9-45e3c80bee7a
98f452d2-557e-4874-a278-773c2469c8f5,bb3388d6-cb6c-45d6-9cd9-45e3c80bee7a
98fd2d6c-7692-4787-8dc8-205cad5e4852,dc9d89ee-22a8-4218-8e39-bad91f370deb
9905db37-4209-4a74-bd4e-5028a31072c1,4af08b16-af05-48c9-99fa-2f3301eb7696
99606205-5026-43e0-8e5b-c02b7b559971,7924ad78-a7b6-41a4-8702-fb5fd86e09c6
99928863-9c5f-4406-8bcd-62ee2e8845ec,4484a12c-2db6-4cba-9c80-bf881f981786
9a023327-0370-41b3-a7fb-186cd4aa7cb5,79fdbf70-c115-4649-aac7-477e42fd8fa6
9a5f45e8-0645-4072-b3bc-19f368326391,dc9d89ee-22a8-4218-8e39-bad91f370deb
9af45f0b-b1ea-4742-a7f0-9036575aa05b,bb3388d6-cb6c-45d6-9cd9-45e3c80bee7a
9afd4f87-46bf-452c-b3b6-53f0bc31d7c7,7924ad78-a7b6-41a4-8702-fb5fd86e09c6
9b1ad275-d94e-44b4-9391-17c9681afcf2,74eb6f32-21b3-4edc-8de7-ba89025b37b5
9b800a28-4be1-416b-8b9d-a4ad4b7ddc7b,74eb6f32-21b3-4edc-8de7-ba89025b37b5
9b8a4137-5219-4714-b196-dca729d47f3f,dc9d89ee-22a8-4218-8e39-bad91f370deb
9bebd002-056f-4eb2-ad20-812d9acd6d6f,74eb6f32-21b3-4edc-8de7-ba89025b37b5
9becfd69-7964-4bae-8cef-6f11c65e785e,90b57cce-1646-4fae-bd0b-003eb0d61c96
9bfd332b-cee8-43f5-a32c-dc40e4769aed,a7ed0341-99c7-47bb-8cc8-487a2401a734
9c2567b2-3af7-4147-8e7d-11b29a7c29b8,bb3388d6-cb6c-45d6-9cd9-45e3c80bee7a
9c481c84-764a-4d03-a452-b4201ce11693,bb3388d6-cb6c-45d6-9cd9-45e3c80bee7a
9c91e726-88d4-42aa-808d-5d8db260135d,90b57cce-1646-4fae-bd0b-003eb0d61c96
9c9cdb3d-bb1c-411d-bc3e-db80369f84b4,74eb6f32-21b3-4edc-8de7-ba89025b37b5
9cd78df2-aa27-4f84-88e2-1765e484e58b,74eb6f32-21b3-4edc-8de7-ba89025b37b5
9d510432-1f1c-4312-9dc0-3421a3793216,79fdbf70-c115-4649-aac7-477e42fd8fa6
9db10170-2c47-4a5e-95fb-b36af2c0ca55,dc9d89ee-22a8-4218-8e39-bad91f370deb
9dd8699a-5c47-44a3-9961-8bf70c07243d,dc9d89ee-22a8-4218-8e39-bad91f370deb
9e0bf7d1-1d92-47f9-a43d-109c5d4831de,79fdbf70-c115-4649-aac7-477e42fd8fa6
9e220c38-087c-48bb-9e97-7651d2d97b7e,08b703b3-530a-4ea1-8b9b-e8a5252a3586
9e220c38-087c-48bb-9e97-7651d2d97b7e,79fdbf70-c115-4649-aac7-477e42fd8fa6
9e2fdc95-2ace-4eb0-8c6c-3967346830a1,79fdbf70-c115-4649-aac7-477e42fd8fa6
9e53841e-d22e-45d2-9392-7142e9c7a5e0,08b703b3-530a-4ea1-8b9b-e8a5252a3586
9e583eb1-8f05-49e7-9ff4-d8f311ac36db,90b57cce-1646-4fae-bd0b-003eb0d61c96
9ed56c4a-988f-49ee-afc1-166d02ccc7ee,bb3388d6-cb6c-45d6-9cd9-45e3c80bee7a
9eff1312-7052-4735-997a-229038211f65,bb3388d6-cb6c-45d6-9cd9-45e3c80bee7a
9f03e53e-52fc-4545-873a-b31dd52927e7,4af08b16-af05-48c9-99fa-2f3301eb7696
a06cf00d-f42d-4020-8249-2bbb6dc71e0d,79fdbf70-c115-4649-aac7-477e42fd8fa6
a07bd8a7-48e4-48fa-8b56-1a81f923c4f7,7924ad78-a7b6-41a4-8702-fb5fd86e09c6
a0a807ee-c5bf-4c9e-bdcf-2e2bbb8fe593,4af08b16-af05-48c9-99fa-2f3301eb7696
a0d2f55c-4c38-4637-9cf5-6d755d24040d,74eb6f32-21b3-4edc-8de7-ba89025b37b5
a0e00e06-a4c1-4316-a062-c9e2756769f8,dc9d89ee-22a8-4218-8e39-bad91f370deb
a15a461b-418d-401b-bdd4-17746a177beb,bb3388d6-cb6c-45d6-9cd9-45e3c80bee7a
a1b7c2ba-83c3-48d3-81a0-249f9ab3a083,7924ad78-a7b6-41a4-8702-fb5fd86e09c6
a261fc4c-0fb2-4a8d-818e-225c5aae9e05,dc9d89ee-22a8-4218-8e39-bad91f370deb
a27bdc5c-61d1-4397-99f1-40956ca3b04c,90b57cce-1646-4fae-bd0b-003eb0d61c96
a2cbfb86-a94e-414c-ba13-7f2385070477,74eb6f32-21b3-4edc-8de7-ba89025b37b5
a2f8785a-2964-4332-bf31-be3f72e9c92b,79fdbf70-c115-4649-aac7-477e42fd8fa6
a3339af3-3051-4474-803a-52d44f3a18ea,79fdbf70-c115-4649-aac7-477e42fd8fa6
a3c1f6ca-e478-4898-94ef-4e7514ca568f,bb3388d6-cb6c-45d6-9cd9-45e3c80bee7a
a40c8b93-bb8f-4940-be65-91af04f32bbe,74eb6f32-21b3-4edc-8de7-ba89025b37b5
a4464281-760b-4b8a-9273-437796e91ce3,dc9d89ee-22a8-4218-8e39-bad91f370deb
a4824802-d8fd-45e5-b4c1-8e9fdf9139bd,74eb6f32-21b3-4edc-8de7-ba89025b37b5
a4cab865-62cf-45ac-b90c-23248f551d63,79fdbf70-c115-4649-aac7-477e42fd8fa6
a4efabf7-8aea-4801-83e6-65b9e12c2171,4cc6d286-7158-4dae-b524-27d37315804c
a5031cda-cde7-427b-83c7-f807af517906,79fdbf70-c115-4649-aac7-477e42fd8fa6
a525fdb4-c216-4fae-a90c-b7dc974f8cd8,79fdbf70-c115-4649-aac7-477e42fd8fa6
a55d0572-50e9-4a44-9d1c-3415899646ef,90b57cce-1646-4fae-bd0b-003eb0d61c96
a5651d46-8aea-42a7-9da5-79430b555cf4,dc9d89ee-22a8-4218-8e39-bad91f370deb
a58a5e17-6b30-447b-b3c3-bd85f199a797,90b57cce-1646-4fae-bd0b-003eb0d61c96
a62cf5c3-4dbf-41c4-bd15-be63975be6d9,7924ad78-a7b6-41a4-8702-fb5fd86e09c6
a6383443-be77-4397-9304-146ef7223075,08b703b3-530a-4ea1-8b9b-e8a5252a3586
a6419679-2fe7-4289-a639-9f19e78016c5,7924ad78-a7b6-41a4-8702-fb5fd86e09c6
a709ef84-05fe-4594-8cf4-2c62dc5c8994,bb3388d6-cb6c-45d6-9cd9-45e3c80bee7a
a709f1fa-730a-4b23-bae9-a99b9e2499de,79fdbf70-c115-4649-aac7-477e42fd8fa6
a716031a-654d-4792-a5f3-8bc46956f124,90b57cce-1646-4fae-bd0b-003eb0d61c96
a78caacf-4b32-4606-87a4-745549404619,4484a12c-2db6-4cba-9c80-bf881f981786
a7a54559-35ef-43cc-b907-0d2aa5064ec4,90b57cce-1646-4fae-bd0b-003eb0d61c96
a84473ef-2dea-4d1b-9d4f-94e1bb85427e,dc9d89ee-22a8-4218-8e39-bad91f370deb
a8464c8e-9e41-46f1-b03f-026ae704e4a2,7924ad78-a7b6-41a4-8702-fb5fd86e09c6
a849b214-5be4-41aa-8342-febaf837c51e,74eb6f32-21b3-4edc-8de7-ba89025b37b5
a90bd614-cf02-4d77-ab47-2f4ffc37f51b,90b57cce-1646-4fae-bd0b-003eb0d61c96
a9cdd6b6-01f9-45dc-ac37-ba42165c0e14,74eb6f32-21b3-4edc-8de7-ba89025b37b5
a9df5a31-da6d-4118-944a-0822036a23df,90b57cce-1646-4fae-bd0b-003eb0d61c96
aa369f38-cb38-42ff-93a5-8ade9d2d600d,79fdbf70-c115-4649-aac7-477e42fd8fa6
aa79f1d6-c603-4df3-9246-37f07b3eda4f,dc9d89ee-22a8-4218-8e39-bad91f370deb
aa8f479c-81a8-45a6-af92-64522dd85e5a,bb3388d6-cb6c-45d6-9cd9-45e3c80bee7a
ab2e2eae-dd1c-4fa0-9c2e-9058d65dc46a,4cc6d286-7158-4dae-b524-27d37315804c
ab8e44de-cfbb-467d-85af-26a1a2989c27,4484a12c-2db6-4cba-9c80-bf881f981786
abef5fc3-9284-48a7-bcf7-5c76bce728cf,4af08b16-af05-48c9-99fa-2f3301eb7696
ac5baa8a-9d7b-48c6-8c76-2b5005b4b4bf,74eb6f32-21b3-4edc-8de7-ba89025b37b5
ac7aed14-a7cd-4a5a-931f-b272582eff50,74eb6f32-21b3-4edc-8de7-ba89025b37b5
acb59e79-d8c8-4346-af5c-6f602e19dbf2,dc9d89ee-22a8-4218-8e39-bad91f370deb
acbb208b-8910-45aa-8470-6ab9e62328e9,74eb6f32-21b3-4edc-8de7-ba89025b37b5
acc9efe5-1fbe-4728-945e-cdceb0fc9d08,79fdbf70-c115-4649-aac7-477e42fd8fa6
ad0d5dc0-2cc2-43ba-91fc-751407994ffb,08b703b3-530a-4ea1-8b9b-e8a5252a3586
ad5040ef-e407-4dee-999c-01b7baca439e,bb3388d6-cb6c-45d6-9cd9-45e3c80bee7a
ad87f85c-b59f-44ec-9360-74a6b2474148,dc9d89ee-22a8-4218-8e39-bad91f370deb
ade672ce-f6c2-4493-9eac-c47357b3d8e5,7924ad78-a7b6-41a4-8702-fb5fd86e09c6
ae006cde-c9e6-439d-9613-2d19c99bbd13,79fdbf70-c115-4649-aac7-477e42fd8fa6
ae0a6e27-1b02-4ace-97c9-b1a149377899,a7ed0341-99c7-47bb-8cc8-487a2401a734
ae0f120a-9665-4d23-929e-4d69ac5c7feb,90b57cce-1646-4fae-bd0b-003eb0d61c96
ae937bc6-4f45-4236-b1a9-7277e699fbf8,90b57cce-1646-4fae-bd0b-003eb0d61c96
aeac11ce-cf97-450e-87e7-3af32cb1bcd2,08b703b3-530a-4ea1-8b9b-e8a5252a3586
aeca71ed-8d1a-44fa-8d70-f2668d62c87e,4af08b16-af05-48c9-99fa-2f3301eb7696
aecae902-bb46-4f70-b59e-465150a25948,4484a12c-2db6-4cba-9c80-bf881f981786
aecd3014-1a68-4a7b-b9e6-9c58021853cc,7924ad78-a7b6-41a4-8702-fb5fd86e09c6
aed7cfc2-182f-4a14-8869-dc9c5460cbfc,79fdbf70-c115-4649-aac7-477e42fd8fa6
af11ef78-882b-403d-84f7-0aa86ffb7b87,4cc6d286-7158-4dae-b524-27d37315804c
af16a4c3-d2ad-41c6-90ba-aa88199bde75,bb3388d6-cb6c-45d6-9cd9-45e3c80bee7a
af64cec4-9ac2-4e2e-91c6-a1f4d2e96786,7924ad78-a7b6-41a4-8702-fb5fd86e09c6
aff3875b-4459-44ce-bc47-aed99f8f7387,7924ad78-a7b6-41a4-8702-fb5fd86e09c6
b0105137-a4ac-4fb6-b78b-f360b5323b0c,bb3388d6-cb6c-45d6-9cd9-45e3c80bee7a
b021ea11-3836-4d50-9961-eae3e4a0c681,7924ad78-a7b6-41a4-8702-fb5fd86e09c6
b03d6d50-ae8b-4aa7-a154-951c690b0e0c,79fdbf70-c115-4649-aac7-477e42fd8fa6
b0529973-7c56-417b-a95d-f4a0c40a8bd7,7924ad78-a7b6-41a4-8702-fb5fd86e09c6
b084e397-16eb-43fd-9f95-2e93948b6791,79fdbf70-c115-4649-aac7-477e42fd8fa6
b097d661-48c9-48b0-a5c9-6391549ef13e,79fdbf70-c115-4649-aac7-477e42fd8fa6
b137c5f6-cdfc-449f-9f9b-6f1a7fb8ff51,bb3388d6-cb6c-45d6-9cd9-45e3c80bee7a
b15b7b4a-b571-4bf6-ae8f-b824aee32e2e,dc9d89ee-22a8-4218-8e39-bad91f370deb
b1b51d08-e91b-4977-8546-f34f2b970744,bb3388d6-cb6c-45d6-9cd9-45e3c80bee7a
b1f197fd-9c0a-428f-8289-cd2c00f3f387,90b57cce-1646-4fae-bd0b-003eb0d61c96
b3ddb592-d653-4fb1-9071-4aeb24eaedbe,4af08b16-af05-48c9-99fa-2f3301eb7696
b4360eaa-758a-4968-9ce8-040dc00e6978,7924ad78-a7b6-41a4-8702-fb5fd86e09c6
b46209ef-b20e-4179-803c-f006321db4fc,74eb6f32-21b3-4edc-8de7-ba89025b37b5
b492c9dc-40a2-4744-8a72-645f5bf82ad1,08b703b3-530a-4ea1-8b9b-e8a5252a3586
b585df6e-23a3-4770-a0df-a50ff5b51acb,7924ad78-a7b6-41a4-8702-fb5fd86e09c6
b6a93894-5265-4d31-9bfd-3651b0eb54b9,90b57cce-1646-4fae-bd0b-003eb0d61c96
b722b1b6-a85e-4348-9209-2888904aebd0,4484a12c-2db6-4cba-9c80-bf881f981786
b7391f8d-ae81-459d-83a2-c49cb3795217,7924ad78-a7b6-41a4-8702-fb5fd86e09c6
b73bd8f8-2374-4366-b606-03dd2d8a043c,79fdbf70-c115-4649-aac7-477e42fd8fa6
b824de28-13f5-4980-b92a-c7d0e20262c1,dc9d89ee-22a8-4218-8e39-bad91f370deb
b854fad6-dce7-4acb-b5ad-0a41addcb8ec,4af08b16-af05-48c9-99fa-2f3301eb7696
b85b6ee3-3694-4f87-a08b-c129e183a8c4,bb3388d6-cb6c-45d6-9cd9-45e3c80bee7a
b8b3805c-a59e-46c6-916d-f5a38c31126e,74eb6f32-21b3-4edc-8de7-ba89025b37b5
b921e2b4-1810-4145-a8bf-c790583da806,90b57cce-1646-4fae-bd0b-003eb0d61c96
b92c09db-20eb-4a17-9ff4-cef7d7aa7ece,bb3388d6-cb6c-45d6-9cd9-45e3c80bee7a
b9b02ff4-4a4e-47b6-9f17-e0c2ef2ea4c8,4cc6d286-7158-4dae-b524-27d37315804c
b9b37532-88ea-44ed-ad03-e097323b413c,79fdbf70-c115-4649-aac7-477e42fd8fa6
b9e2a150-c223-4c52-9da6-7dc8c067aeef,90b57cce-1646-4fae-bd0b-003eb0d61c96
ba012418-f8f7-4874-8609-ee0d4c495a1a,90b57cce-1646-4fae-bd0b-003eb0d61c96
ba27d6ce-170a-4232-91cd-2dcbdd6ab93f,74eb6f32-21b3-4edc-8de7-ba89025b37b5
ba8016a3-133c-414b-82f0-cc749ee25952,dc9d89ee-22a8-4218-8e39-bad91f370deb
bad76ff3-6b6f-496e-bbd5-321b21583100,90b57cce-1646-4fae-bd0b-003eb0d61c96
bae764bd-752e-4549-87b9-d99cd30ffb14,90b57cce-1646-4fae-bd0b-003eb0d61c96
bb3616ca-3237-4726-b468-3b048fefceae,a7ed0341-99c7-47bb-8cc8-487a2401a734
bb4f8437-c977-4312-9799-d91bf0c496e4,79fdbf70-c115-4649-aac7-477e42fd8fa6
bb68ad8d-4d6e-499d-969d-48aa26f39163,7924ad78-a7b6-41a4-8702-fb5fd86e09c6
bbb8859c-21a0-4a4e-ac81-532e1f92e344,74eb6f32-21b3-4edc-8de7-ba89025b37b5
bc32614b-5d18-4e6a-aa78-6ef63cf124c3,4484a12c-2db6-4cba-9c80-bf881f981786
bc68383a-cb48-438d-9b6f-d04c644fdc27,08b703b3-530a-4ea1-8b9b-e8a5252a3586
bc8328e4-73ac-44a0-8cb2-a93b229f6ef3,79fdbf70-c115-4649-aac7-477e42fd8fa6
bcc029e6-d2fc-49ad-b225-709ea8ecd607,79fdbf70-c115-4649-aac7-477e42fd8fa6
bcda8b19-85ab-42da-996f-fedc54790d10,74eb6f32-21b3-4edc-8de7-ba89025b37b5
bd5e0f79-7ff2-4960-ad8b-2046f673ee52,bb3388d6-cb6c-45d6-9cd9-45e3c80bee7a
bd6122b0-d5d7-4f0c-a0c5-5cd5c3e373de,dc9d89ee-22a8-4218-8e39-bad91f370deb
bd73e474-3835-4be9-a651-a82a51404d55,7924ad78-a7b6-41a4-8702-fb5fd86e09c6
bd8d2820-ae94-4d44-8ed7-16e2b7839f7e,dc9d89ee-22a8-4218-8e39-bad91f370deb
bd90c98f-641b-44fe-a452-2efc58dbd72d,79fdbf70-c115-4649-aac7-477e42fd8fa6
bde88f37-119c-426a-b1a9-69db33258ada,dc9d89ee-22a8-4218-8e39-bad91f370deb
be2623ab-903d-49ac-bf7b-8c8bc65a8543,4cc6d286-7158-4dae-b524-27d37315804c
be63abc5-4b3d-4159-9f8f-2d078d9c05fd,7924ad78-a7b6-41a4-8702-fb5fd86e09c6
bec05d93-0b30-4bcd-ad4c-6722de22a36f,74eb6f32-21b3-4edc-8de7-ba89025b37b5
bedb3935-fe83-44fe-98a9-878670010d82,bb3388d6-cb6c-45d6-9cd9-45e3c80bee7a
befd9aa1-8e1c-4abb-90b9-789129cdbd02,7924ad78-a7b6-41a4-8702-fb5fd86e09c6
bf262afb-a893-42d3-8278-6ecf47043df8,79fdbf70-c115-4649-aac7-477e42fd8fa6
bf3e9b76-27de-4e92-946a-b992106a4a91,bb3388d6-cb6c-45d6-9cd9-45e3c80bee7a
bf5d6e94-0b3d-4e07-beee-69e075f6f3d0,74eb6f32-21b3-4edc-8de7-ba89025b37b5
bf6e70e4-266e-4157-9cfd-6b0733327104,90b57cce-1646-4fae-bd0b-003eb0d61c96
c03fbbdf-8acc-493d-b919-c00bc92d0968,08b703b3-530a-4ea1-8b9b-e8a5252a3586
c104aeac-35a4-413c-b6f0-13db9aadce61,79fdbf70-c115-4649-aac7-477e42fd8fa6
c1773a20-10af-4c6d-a2fc-17dae62a30aa,79fdbf70-c115-4649-aac7-477e42fd8fa6
c1b409ef-7a45-40af-9f61-29dcf9e14694,bb3388d6-cb6c-45d6-9cd9-45e3c80bee7a
c1f00512-6e79-44c3-8eb9-61b1a3f15804,08b703b3-530a-4ea1-8b9b-e8a5252a3586
c2541b84-52b7-4103-b8b7-75260761aa0d,90b57cce-1646-4fae-bd0b-003eb0d61c96
c25e22d7-e36b-4bd7-b8a4-ac03230234f3,79fdbf70-c115-4649-aac7-477e42fd8fa6
c4a8403d-1efe-45b4-bd73-2943173c0b6b,bb3388d6-cb6c-45d6-9cd9-45e3c80bee7a
c532472b-2f4d-4183-9b56-2235c2c391ae,74eb6f32-21b3-4edc-8de7-ba89025b37b5
c543f671-7a23-4872-a920-1f0dd6031935,79fdbf70-c115-4649-aac7-477e42fd8fa6
c549f797-b557-432f-b394-559a9b559f8b,bb3388d6-cb6c-45d6-9cd9-45e3c80bee7a
c557880f-2496-4b21-96bd-d30a131eb0b8,dc9d89ee-22a8-4218-8e39-bad91f370deb
c56ec2c0-789e-4338-9dc5-70d489de9f28,4484a12c-2db6-4cba-9c80-bf881f981786
c5d6185c-fade-4adf-8e9e-726da246686b,74eb6f32-21b3-4edc-8de7-ba89025b37b5
c5e1bd13-a83b-4ab1-9996-6e37f044eae8,dc9d89ee-22a8-4218-8e39-bad91f370deb
c5e7138a-5c91-49b2-8316-601be968766e,bb3388d6-cb6c-45d6-9cd9-45e3c80bee7a
c637c053-1808-4ba7-a102-54f5304ad198,74eb6f32-21b3-4edc-8de7-ba89025b37b5
c63a30bc-0f68-4822-baf9-45784c46eb0b,79fdbf70-c115-4649-aac7-477e42fd8fa6
c6ac51ce-450a-4d47-91d6-7564b2af80b0,79fdbf70-c115-4649-aac7-477e42fd8fa6
c6bbbf43-6f5b-4997-a8f0-e9ecf2f65fa1,74eb6f32-21b3-4edc-8de7-ba89025b37b5
c6cc8f4f-15f7-496a-a004-e0730f1dad91,74eb6f32-21b3-4edc-8de7-ba89025b37b5
c6cd406d-1770-4587-ba15-37e999c4d7d0,4484a12c-2db6-4cba-9c80-bf881f981786
c712d1cc-1173-4a17-aeaa-6faa8854ac4c,90b57cce-1646-4fae-bd0b-003eb0d61c96
c7480c4d-a356-4d44-a132-7da32d5574a1,4484a12c-2db6-4cba-9c80-bf881f981786
c74eeb08-892a-43da-b678-69a4055ef034,90b57cce-1646-4fae-bd0b-003eb0d61c96
c759b700-9e81-4b25-a0db-924014a2c101,7924ad78-a7b6-41a4-8702-fb5fd86e09c6
c7e78cbc-6bbf-43ea-8088-2488a0ea9e0d,74eb6f32-21b3-4edc-8de7-ba89025b37b5
c877d21b-5523-4ee8-bd24-b66addabb743,4af08b16-af05-48c9-99fa-2f3301eb7696
c88145f2-6a62-4f46-a588-f06992d14885,bb3388d6-cb6c-45d6-9cd9-45e3c80bee7a
c8baf359-7f71-4fc9-905c-20c9fa0e9cf1,90b57cce-1646-4fae-bd0b-003eb0d61c96
c8cb684f-7f6b-4b78-bcd5-d531356b125a,74eb6f32-21b3-4edc-8de7-ba89025b37b5
c8f52ae8-68be-46e7-a2d4-8f7b257d5af4,bb3388d6-cb6c-45d6-9cd9-45e3c80bee7a
c9461c84-41bc-40e7-b0dc-26ef661b1c2c,90b57cce-1646-4fae-bd0b-003eb0d61c96
c9b4c4e6-0da0-4e70-9006-ed018ef07099,79fdbf70-c115-4649-aac7-477e42fd8fa6
ca0960d9-e4cd-4b06-83d6-1313cc802aeb,7924ad78-a7b6-41a4-8702-fb5fd86e09c6
ca4b178e-fa46-4f0d-a1fe-aea3ffdb70c9,90b57cce-1646-4fae-bd0b-003eb0d61c96
ca64da9e-99da-44d1-9c1f-3be1b11b374f,74eb6f32-21b3-4edc-8de7-ba89025b37b5
cab0c052-d52f-4e0d-9ed8-95c719b46ab6,bb3388d6-cb6c-45d6-9cd9-45e3c80bee7a
cb2093ea-6ec0-4884-99be-a077d4d944c4,79fdbf70-c115-4649-aac7-477e42fd8fa6
cb31e0aa-edd0-43d8-a4f3-396e512f8db0,74eb6f32-21b3-4edc-8de7-ba89025b37b5
cb689e83-ae9d-469d-9757-f86c10c107e8,79fdbf70-c115-4649-aac7-477e42fd8fa6
cc661fef-867e-4e8b-b7c3-0f16cc30e669,bb3388d6-cb6c-45d6-9cd9-45e3c80bee7a
cc763706-12f4-4407-9f6a-1d7a63a0b680,74eb6f32-21b3-4edc-8de7-ba89025b37b5
cc763706-12f4-4407-9f6a-1d7a63a0b680,79fdbf70-c115-4649-aac7-477e42fd8fa6
cc826c66-f57f-437b-a2e2-8e2b56b8dfc5,7924ad78-a7b6-41a4-8702-fb5fd86e09c6
cc8b7cdc-4668-48a8-9db9-0b8cff369077,79fdbf70-c115-4649-aac7-477e42fd8fa6
ccaf98df-69a0-4989-967a-08fe64659d4f,4af08b16-af05-48c9-99fa-2f3301eb7696
cd0234f8-1663-499e-a095-ce0500588c26,bb3388d6-cb6c-45d6-9cd9-45e3c80bee7a
ce13c483-24c7-4d58-9f20-c5a37b611270,bb3388d6-cb6c-45d6-9cd9-45e3c80bee7a
ce49a53f-9750-4dce-934d-3170235dbcc5,4af08b16-af05-48c9-99fa-2f3301eb7696
ce6404e6-198e-41df-b13a-db1d640f6f39,bb3388d6-cb6c-45d6-9cd9-45e3c80bee7a
ce69f07e-903f-4723-b5e6-e98403cebd91,bb3388d6-cb6c-45d6-9cd9-45e3c80bee7a
ce86e9b3-746d-45ad-bf96-59d06a3c1a35,dc9d89ee-22a8-4218-8e39-bad91f370deb
ce997f85-b6db-4d1b-b480-43ac46c0867c,4af08b16-af05-48c9-99fa-2f3301eb7696
cea532fe-c2dd-472c-977c-278f69a15995,a7ed0341-99c7-47bb-8cc8-487a2401a734
cec0cf51-587d-4fa3-b443-83240cec9d1b,bb3388d6-cb6c-45d6-9cd9-45e3c80bee7a
cecd5516-a8f8-4632-aeb3-1acc71b1eb64,bb3388d6-cb6c-45d6-9cd9-45e3c80bee7a
cf191c71-edd1-4224-923a-889e6b492e33,79fdbf70-c115-4649-aac7-477e42fd8fa6
cf3a9080-7777-49b7-b7b8-a2231e3d1d1e,bb3388d6-cb6c-45d6-9cd9-45e3c80bee7a
cf3c0daf-2112-4e0b-9783-d7aa227f5afe,7924ad78-a7b6-41a4-8702-fb5fd86e09c6
cf99b991-86e5-41dd-8162-2028d2ebce61,74eb6f32-21b3-4edc-8de7-ba89025b37b5
cfb6bc71-6f18-4f33-9166-216bb6798b82,4af08b16-af05-48c9-99fa-2f3301eb7696
cff6919a-769b-41cc-841c-03a8137ca3e8,dc9d89ee-22a8-4218-8e39-bad91f370deb
d07621e9-df27-4d59-9d99-b20462c80145,79fdbf70-c115-4649-aac7-477e42fd8fa6
d0a11d2b-150d-48f8-a057-1874c0cd216e,bb3388d6-cb6c-45d6-9cd9-45e3c80bee7a
d120b915-5815-45b9-a5ff-34b483b7cf46,4cc6d286-7158-4dae-b524-27d37315804c
d14f47ac-5111-4921-9773-fffc893cc42c,79fdbf70-c115-4649-aac7-477e42fd8fa6
d1836f49-ed9b-468b-b7d2-c86415146cbe,4af08b16-af05-48c9-99fa-2f3301eb7696
d198bdbc-b7fd-47a6-9dc6-210ccb09d479,08b703b3-530a-4ea1-8b9b-e8a5252a3586
d1b15572-1f9a-4c25-a55e-393eb453cda8,bb3388d6-cb6c-45d6-9cd9-45e3c80bee7a
d1db40a1-fc57-47f4-903f-da078753f249,74eb6f32-21b3-4edc-8de7-ba89025b37b5
d221074c-db6d-4c46-9d8d-9cb7928eb751,90b57cce-1646-4fae-bd0b-003eb0d61c96
d2296597-c572-49aa-9ff0-c4940118ab53,bb3388d6-cb6c-45d6-9cd9-45e3c80bee7a
d317d352-5f3d-4c42-86a3-c8912efb466b,90b57cce-1646-4fae-bd0b-003eb0d61c96
d3a2c30a-2430-4914-a744-c7d55468384b,90b57cce-1646-4fae-bd0b-003eb0d61c96
d3afa725-c8e9-4444-bb68-a06940486fd2,90b57cce-1646-4fae-bd0b-003eb0d61c96
d46a2b90-ee4e-4b3a-9df5-d852f388c1f9,74eb6f32-21b3-4edc-8de7-ba89025b37b5
d46e3c51-00ef-4bde-99f2-8e9eddea0581,7924ad78-a7b6-41a4-8702-fb5fd86e09c6
d47f56c6-ee50-4f3d-b67c-b68a4da7ab8f,bb3388d6-cb6c-45d6-9cd9-45e3c80bee7a
d4a1db26-1d1d-4a12-820c-8c4e52728f7f,bb3388d6-cb6c-45d6-9cd9-45e3c80bee7a
d4fe7f31-e747-4972-83e0-c7dc682f583e,4cc6d286-7158-4dae-b524-27d37315804c
d5222102-9b97-4930-a4fc-9aa99705200d,bb3388d6-cb6c-45d6-9cd9-45e3c80bee7a
d56e3fcc-8ad6-4f6a-ab04-6918e660724e,bb3388d6-cb6c-45d6-9cd9-45e3c80bee7a
d61ca231-3443-44a1-af6e-23fd1f4c9997,79fdbf70-c115-4649-aac7-477e42fd8fa6
d6512b2d-3aa9-447c-9399-9468ad270397,4cc6d286-7158-4dae-b524-27d37315804c
d675519b-1769-4c69-9220-a1d6d7790955,74eb6f32-21b3-4edc-8de7-ba89025b37b5
d69145fb-eb3b-4750-92f2-359f738e63f9,4484a12c-2db6-4cba-9c80-bf881f981786
d6c1f819-bf06-4c53-a5ba-84f88aec19b6,79fdbf70-c115-4649-aac7-477e42fd8fa6
d6e786ac-cd97-4bb7-8c23-e440d04ba745,08b703b3-530a-4ea1-8b9b-e8a5252a3586
d7170f4f-1f51-4a38-b441-bfd3fcdeb3c4,4484a12c-2db6-4cba-9c80-bf881f981786
d739273f-8d7e-4af0-9ddc-c814ec194aac,dc9d89ee-22a8-4218-8e39-bad91f370deb
d7c4fa09-d43e-4751-ac13-c8a8c98a8df3,4484a12c-2db6-4cba-9c80-bf881f981786
d82bb5a7-fa85-419f-9772-ed8f7c75f847,4af08b16-af05-48c9-99fa-2f3301eb7696
d83b3a6e-6c6a-4899-a564-a0a8f28fb713,74eb6f32-21b3-4edc-8de7-ba89025b37b5
d885d203-e9f6-4304-86d0-1aba53f034c4,4af08b16-af05-48c9-99fa-2f3301eb7696
d8dc3a28-42f5-4bdf-8a4b-70052306a1bf,79fdbf70-c115-4649-aac7-477e42fd8fa6
d91376d6-3730-4c3d-8583-b692cacb94f6,74eb6f32-21b3-4edc-8de7-ba89025b37b5
d9733461-7e46-438e-b532-df4eb590c9ee,90b57cce-1646-4fae-bd0b-003eb0d61c96
d97b2318-87b1-4b11-9da8-33a34f15f079,dc9d89ee-22a8-4218-8e39-bad91f370deb
d9a36193-bf0f-416c-b8af-2eab8b7362b7,90b57cce-1646-4fae-bd0b-003eb0d61c96
d9a466fa-fb98-4609-83b9-6b53a47fafda,bb3388d6-cb6c-45d6-9cd9-45e3c80bee7a
d9c109a7-f2dc-4ff4-8a03-deb36dcac9b5,dc9d89ee-22a8-4218-8e39-bad91f370deb
d9cb143a-10e6-4c61-8da8-f9a9ecf59b8e,dc9d89ee-22a8-4218-8e39-bad91f370deb
d9cc9022-c132-4599-a524-c6c39220a8b5,79fdbf70-c115-4649-aac7-477e42fd8fa6
da121ef9-da7e-44d7-8ecc-0393cc80c654,90b57cce-1646-4fae-bd0b-003eb0d61c96
da13c5e0-8364-489e-a5d3-27ccde8d901e,79fdbf70-c115-4649-aac7-477e42fd8fa6
dacdf9e9-08ca-4c01-9a36-9bf99285f8b3,4484a12c-2db6-4cba-9c80-bf881f981786
dad709d4-df8c-40e9-9da9-e12e150c4c04,dc9d89ee-22a8-4218-8e39-bad91f370deb
db04d605-1eae-4f52-bae3-bc2fad0a04a6,79fdbf70-c115-4649-aac7-477e42fd8fa6
db1dbd86-fa13-484e-9a10-0fff183d7033,bb3388d6-cb6c-45d6-9cd9-45e3c80bee7a
db258055-63e6-4cbb-9707-274695392abb,79fdbf70-c115-4649-aac7-477e42fd8fa6
dbbf32d1-f1de-43d1-b397-1671471b3105,4484a12c-2db6-4cba-9c80-bf881f981786
dc13b222-b01c-40e0-8452-e2a7a6b546de,a7ed0341-99c7-47bb-8cc8-487a2401a734
dc30b2c0-6951-4846-8a2b-facfa8dec958,79fdbf70-c115-4649-aac7-477e42fd8fa6
dc461341-918f-4518-a2ac-443ee3551f5b,79fdbf70-c115-4649-aac7-477e42fd8fa6
dc88bed1-26cc-495e-9019-3bbf3be9b646,90b57cce-1646-4fae-bd0b-003eb0d61c96
dc9521c8-141e-40a9-ae4b-ab5af0c8be3b,79fdbf70-c115-4649-aac7-477e42fd8fa6
dcc1887d-c7ac-43db-b26c-1896fbc95716,79fdbf70-c115-4649-aac7-477e42fd8fa6
dcd6e1bd-5dc1-4fe1-bb05-c1ec87b440c7,79fdbf70-c115-4649-aac7-477e42fd8fa6
dd5e8c46-a862-475b-8f1f-459e1c9afa55,bb3388d6-cb6c-45d6-9cd9-45e3c80bee7a
ddc256a0-b6aa-4fdd-9391-d0c6553e7a4e,74eb6f32-21b3-4edc-8de7-ba89025b37b5
ddd3da97-90fa-4be8-8f4a-cc3fdf4b2291,90b57cce-1646-4fae-bd0b-003eb0d61c96
de09d0d6-a73b-4ad6-8d6e-928ebae6b57b,79fdbf70-c115-4649-aac7-477e42fd8fa6
de5ae43b-1083-4330-a1fb-982bac151575,bb3388d6-cb6c-45d6-9cd9-45e3c80bee7a
df651583-df0f-4b4a-b0fd-4ae581eeb1a6,79fdbf70-c115-4649-aac7-477e42fd8fa6
dfaed5b8-f4b7-44de-8a27-0009e3be9f9d,79fdbf70-c115-4649-aac7-477e42fd8fa6
dfb85150-f50f-41d8-8824-14d47cbdcc89,dc9d89ee-22a8-4218-8e39-bad91f370deb
dfe8e1c3-892e-4500-9251-0a8a91bf9218,74eb6f32-21b3-4edc-8de7-ba89025b37b5
e0388e7c-64a3-4fdb-b047-1403c0a3f8b4,4cc6d286-7158-4dae-b524-27d37315804c
e0439779-9143-43fe-84a6-53fa20111f64,dc9d89ee-22a8-4218-8e39-bad91f370deb
e051b232-e9e1-4f53-b51c-c2e7b8471328,90b57cce-1646-4fae-bd0b-003eb0d61c96
e05bfe11-320e-4235-83b4-64e7726fe279,bb3388d6-cb6c-45d6-9cd9-45e3c80bee7a
e0875c38-047e-4e95-99d1-d232241ee0bc,bb3388d6-cb6c-45d6-9cd9-45e3c80bee7a
e088cc5d-9de3-4264-86af-f1825a478b1a,79fdbf70-c115-4649-aac7-477e42fd8fa6
e0f31e0b-c09a-4d45-983b-badd372809f8,79fdbf70-c115-4649-aac7-477e42fd8fa6
e13a7390-221e-4242-b6fc-48cbbfeecbb3,79fdbf70-c115-4649-aac7-477e42fd8fa6
e1afe965-3c3d-4ef1-9184-cb18fe59df59,74eb6f32-21b3-4edc-8de7-ba89025b37b5
e1c538e5-3611-4033-a56c-f0b888fdc843,bb3388d6-cb6c-45d6-9cd9-45e3c80bee7a
e2411179-903e-4522-b486-1e56cb30110b,dc9d89ee-22a8-4218-8e39-bad91f370deb
e2a838b4-784e-47b5-b198-da9fbcbca2f4,bb3388d6-cb6c-45d6-9cd9-45e3c80bee7a
e2b62fc6-8cf7-4909-86cb-ac5ad638070b,08b703b3-530a-4ea1-8b9b-e8a5252a3586
e34aa975-90e9-40f2-9525-8d556cb0bb46,79fdbf70-c115-4649-aac7-477e42fd8fa6
e37ff2b0-80c2-4e2c-a888-14eafa1fa30f,08b703b3-530a-4ea1-8b9b-e8a5252a3586
e393130d-ce31-4c98-b7cd-8fa12bdb9381,4af08b16-af05-48c9-99fa-2f3301eb7696
e469ad09-4fb6-4e20-b0c2-997e367b4e63,08b703b3-530a-4ea1-8b9b-e8a5252a3586
e4a60c54-50d7-4784-b95d-e398c9423f88,4484a12c-2db6-4cba-9c80-bf881f981786
e4addddc-6d82-4b4d-8e70-c6af04aac7db,7924ad78-a7b6-41a4-8702-fb5fd86e09c6
e4c296ef-d853-4a69-9e64-ad0bcd1cd11b,74eb6f32-21b3-4edc-8de7-ba89025b37b5
e4c9ddef-b944-463c-a093-16b1e7c1a332,08b703b3-530a-4ea1-8b9b-e8a5252a3586
e4db70df-a7b7-4e0d-b60d-5f9060e67c48,74eb6f32-21b3-4edc-8de7-ba89025b37b5
e59ad8dc-c8be-4019-ada5-a80e50b05b3b,74eb6f32-21b3-4edc-8de7-ba89025b37b5
e5c7b22d-b5bf-4469-94e6-c8b997493c8a,bb3388d6-cb6c-45d6-9cd9-45e3c80bee7a
e5ef162c-8135-4b0b-8bad-35cf1ddcd4c8,7924ad78-a7b6-41a4-8702-fb5fd86e09c6
e6475f38-ccd1-405f-b01d-2733efa29026,79fdbf70-c115-4649-aac7-477e42fd8fa6
e6e07e2f-a753-4c99-bcf9-a6ee25223312,4484a12c-2db6-4cba-9c80-bf881f981786
e734b874-18f8-41df-ac3b-f1206c22b5b9,bb3388d6-cb6c-45d6-9cd9-45e3c80bee7a
e7653575-68f5-4f61-a6e4-cefe40b87fa5,90b57cce-1646-4fae-bd0b-003eb0d61c96
e7a33575-69c8-4701-afc8-f8eb6900a814,90b57cce-1646-4fae-bd0b-003eb0d61c96
e7bec904-8591-485d-8f35-84f52c879605,dc9d89ee-22a8-4218-8e39-bad91f370deb
e8530706-0d46-4191-8981-bdf02a6bea51,79fdbf70-c115-4649-aac7-477e42fd8fa6
e85fb99d-7bfa-4d4d-be53-4f0ddacaae02,bb3388d6-cb6c-45d6-9cd9-45e3c80bee7a
e8964d6a-0204-4ae6-9446-5e18df65c726,4cc6d286-7158-4dae-b524-27d37315804c
e8e1f5cc-648d-4a6a-9b09-14ec168e87b1,90b57cce-1646-4fae-bd0b-003eb0d61c96
e98138e1-e16d-413d-8402-17643e688e51,4484a12c-2db6-4cba-9c80-bf881f981786
e9aa46bb-7346-423c-938d-35852421d2f6,08b703b3-530a-4ea1-8b9b-e8a5252a3586
e9c2a2f3-bef3-46b1-8815-a355d22c0178,7924ad78-a7b6-41a4-8702-fb5fd86e09c6
ea783af1-7328-47c2-a889-eb84382e36c8,79fdbf70-c115-4649-aac7-477e42fd8fa6
ea9f825e-16a7-4942-9a40-130b7e03adf3,bb3388d6-cb6c-45d6-9cd9-45e3c80bee7a
eaa2fa77-62e7-4662-9d9b-ebbc8a886e43,90b57cce-1646-4fae-bd0b-003eb0d61c96
eaabaa4e-7f4e-4763-a729-7c5caac7062e,08b703b3-530a-4ea1-8b9b-e8a5252a3586
eadcd710-0fc5-46e7-bd9b-1e468467cd4c,bb3388d6-cb6c-45d6-9cd9-45e3c80bee7a
eb3038d3-f898-4161-ac94-dcbe3cfce3be,4af08b16-af05-48c9-99fa-2f3301eb7696
eb30c303-440e-4c36-912d-dc45254e806f,74eb6f32-21b3-4edc-8de7-ba89025b37b5
eb3f7b6d-57b6-469c-99da-acf3d8bde132,bb3388d6-cb6c-45d6-9cd9-45e3c80bee7a
eb9bbbc1-be21-4ae7-84e6-a143e6ab2080,74eb6f32-21b3-4edc-8de7-ba89025b37b5
ebf2473b-49f3-4baf-bebd-f1a74b02efec,4af08b16-af05-48c9-99fa-2f3301eb7696
ecbe7b86-f36f-45b2-9259-53189c3da6a8,74eb6f32-21b3-4edc-8de7-ba89025b37b5
ece4e3f3-0d91-43fc-9128-72aa132da5d5,74eb6f32-21b3-4edc-8de7-ba89025b37b5
ed5eccbf-da70-4cce-809b-a6253b57c87a,79fdbf70-c115-4649-aac7-477e42fd8fa6
ed79c2a5-dc77-4d3e-8907-f187e96b7f86,bb3388d6-cb6c-45d6-9cd9-45e3c80bee7a
ed7ba00d-8735-43dd-a7e3-1c0161244a9b,90b57cce-1646-4fae-bd0b-003eb0d61c96
ed87a4e7-40d2-4988-9246-51d5a8641748,7924ad78-a7b6-41a4-8702-fb5fd86e09c6
eda0614a-6eb4-4dd1-9ced-bc8cfdcbb386,dc9d89ee-22a8-4218-8e39-bad91f370deb
ee408adc-7aa1-4d38-bfcb-bd2b6b2a33c1,79fdbf70-c115-4649-aac7-477e42fd8fa6
ee43924d-b514-4e73-87f6-b33e0d7c66ba,74eb6f32-21b3-4edc-8de7-ba89025b37b5
ef1bb714-15d3-4fb4-99f9-53001cdcbfb2,79fdbf70-c115-4649-aac7-477e42fd8fa6
ef1ed49d-f5f2-41b1-b9a9-545b16291db3,74eb6f32-21b3-4edc-8de7-ba89025b37b5
efa48f16-31c3-4776-9724-c7046d728aad,bb3388d6-cb6c-45d6-9cd9-45e3c80bee7a
efeea512-8e3b-4845-907d-1e520a863c85,bb3388d6-cb6c-45d6-9cd9-45e3c80bee7a
f0130d0c-9396-4241-99b3-1d921e42ca60,74eb6f32-21b3-4edc-8de7-ba89025b37b5
f03d8580-bf2a-4837-a853-5f0b0a468308,79fdbf70-c115-4649-aac7-477e42fd8fa6
f0a43074-7562-4ff9-a48c-b4ece17b5397,4cc6d286-7158-4dae-b524-27d37315804c
f11067ad-b2dd-47c4-b7e5-360efa89a058,08b703b3-530a-4ea1-8b9b-e8a5252a3586
f11067ad-b2dd-47c4-b7e5-360efa89a058,74eb6f32-21b3-4edc-8de7-ba89025b37b5
f15a943c-774a-449b-8e84-58f350f8dbf2,79fdbf70-c115-4649-aac7-477e42fd8fa6
f16e23fd-ea61-479c-8fae-43afd952bb62,74eb6f32-21b3-4edc-8de7-ba89025b37b5
f17e6c5a-1900-4588-9704-b4390af98f09,79fdbf70-c115-4649-aac7-477e42fd8fa6
f190d1ce-11d4-468f-b274-fddea99b8fb5,bb3388d6-cb6c-45d6-9cd9-45e3c80bee7a
f1c5bc02-0a40-435d-b2e6-586448db23f2,dc9d89ee-22a8-4218-8e39-bad91f370deb
f1ecfa2f-c72a-4132-97a0-c82b34448ab0,7924ad78-a7b6-41a4-8702-fb5fd86e09c6
f2120c56-6c20-40c5-ae09-ce1ceae6b6f3,74eb6f32-21b3-4edc-8de7-ba89025b37b5
f2340f90-438e-48cc-ac83-884f312384b4,bb3388d6-cb6c-45d6-9cd9-45e3c80bee7a
f263fd6c-be46-4f93-b309-5a24a7fa06aa,08b703b3-530a-4ea1-8b9b-e8a5252a3586
f28c34e7-f71e-47ec-a397-e8f90746355f,90b57cce-1646-4fae-bd0b-003eb0d61c96
f312b02d-779f-4968-8c80-f2e4be8b48e7,74eb6f32-21b3-4edc-8de7-ba89025b37b5
f355ce69-84ae-4508-b2eb-fa854bd2a41c,bb3388d6-cb6c-45d6-9cd9-45e3c80bee7a
f35f121b-e928-4d15-95ce-f3d8d49d7a7b,4af08b16-af05-48c9-99fa-2f3301eb7696
f375a080-7f53-4e1a-ac83-97eb72cc68fa,bb3388d6-cb6c-45d6-9cd9-45e3c80bee7a
f3803bb6-af0f-4bf1-9fa3-126ae10b20fe,4484a12c-2db6-4cba-9c80-bf881f981786
f39d63cd-b2e0-4293-b1da-ab4420d9c00c,4484a12c-2db6-4cba-9c80-bf881f981786
f3a89cfc-d3aa-4522-8273-0d2c051e4a44,a7ed0341-99c7-47bb-8cc8-487a2401a734
f4375e47-9d39-4220-be5d-a7e42562d657,90b57cce-1646-4fae-bd0b-003eb0d61c96
f4377fe3-0a49-4415-849a-42aee71ab70d,08b703b3-530a-4ea1-8b9b-e8a5252a3586
f4dcd226-52bf-47f0-aa40-4b95b6aadaa9,79fdbf70-c115-4649-aac7-477e42fd8fa6
f4fabf5d-6ab9-42c8-b0d5-56a4c1d64008,74eb6f32-21b3-4edc-8de7-ba89025b37b5
f5461d99-76b9-49e6-ab7a-f7a163468693,dc9d89ee-22a8-4218-8e39-bad91f370deb
f5a80cc7-3c64-422f-9141-e1251cc11fde,79fdbf70-c115-4649-aac7-477e42fd8fa6
f5b3a306-9d6b-4598-8c15-c0dda4ac6e05,4af08b16-af05-48c9-99fa-2f3301eb7696
f5cbc19b-a18c-4206-8482-10eccc384b92,bb3388d6-cb6c-45d6-9cd9-45e3c80bee7a
f5dbdb3a-71af-434f-a869-c9dbd4dd1cbd,79fdbf70-c115-4649-aac7-477e42fd8fa6
f5ece395-104e-4f16-884c-da71b0f9ca6a,90b57cce-1646-4fae-bd0b-003eb0d61c96
f60cbb37-2395-44eb-bf8c-ffe49881653f,79fdbf70-c115-4649-aac7-477e42fd8fa6
f69a3d50-922f-45be-8f9b-50da7164d5f6,4484a12c-2db6-4cba-9c80-bf881f981786
f6b1d85c-c405-4b20-8cdf-facb49d92cb1,08b703b3-530a-4ea1-8b9b-e8a5252a3586
f6b35cf2-15aa-4fb8-8ba6-980b41d6c75e,74eb6f32-21b3-4edc-8de7-ba89025b37b5
f6e54294-77c9-46d5-96fd-45df92f4aa38,74eb6f32-21b3-4edc-8de7-ba89025b37b5
f6eb5c0e-746f-4bb5-a3db-52d7dacf732d,74eb6f32-21b3-4edc-8de7-ba89025b37b5
f7854d74-f8fa-4ecb-9773-718e5addbdba,74eb6f32-21b3-4edc-8de7-ba89025b37b5
f8557fb9-79be-46a2-8f1a-3159fe801d33,bb3388d6-cb6c-45d6-9cd9-45e3c80bee7a
f8577890-26a0-4cec-830c-f261619fae1b,bb3388d6-cb6c-45d6-9cd9-45e3c80bee7a
f8605a71-3982-4d86-b94e-2fb04171962f,bb3388d6-cb6c-45d6-9cd9-45e3c80bee7a
f8732e17-e8d8-4715-ba55-ebae2bcb5270,4484a12c-2db6-4cba-9c80-bf881f981786
f882cb67-2038-4608-97b1-1020456556ba,7924ad78-a7b6-41a4-8702-fb5fd86e09c6
f8b4fc26-df6b-4c9c-8dc2-f63c77030cc0,08b703b3-530a-4ea1-8b9b-e8a5252a3586
f8d5bf01-b724-41df-854d-a42d8eba0cb8,bb3388d6-cb6c-45d6-9cd9-45e3c80bee7a
f905a82d-bf43-48b7-b60f-c7a7fab7ab8e,bb3388d6-cb6c-45d6-9cd9-45e3c80bee7a
f95622a2-7b49-4647-857a-5033fa14a45a,bb3388d6-cb6c-45d6-9cd9-45e3c80bee7a
f9efcbe0-eaa9-4d99-8621-d8d8b5895995,4cc6d286-7158-4dae-b524-27d37315804c
fa0b99c1-7b17-4a80-8d5b-1609ad61ab22,08b703b3-530a-4ea1-8b9b-e8a5252a3586
fa219af7-cce0-4037-bebb-ea4d99c347b4,79fdbf70-c115-4649-aac7-477e42fd8fa6
fa2ee2f7-7e87-497d-b4f9-04037f295880,90b57cce-1646-4fae-bd0b-003eb0d61c96
faa31895-5934-4581-8421-a6f7752f5c97,90b57cce-1646-4fae-bd0b-003eb0d61c96
fac685f1-7a60-47ca-9e9b-a931e4cc0c55,08b703b3-530a-4ea1-8b9b-e8a5252a3586
fac86a4b-3f28-4130-9f59-233b83cf17b0,74eb6f32-21b3-4edc-8de7-ba89025b37b5
faef2a8f-3f17-45f0-b64f-48e81d45d27f,7924ad78-a7b6-41a4-8702-fb5fd86e09c6
fb00a09e-cf21-4080-9821-f952add4aba3,4484a12c-2db6-4cba-9c80-bf881f981786
fb12e3d8-6f44-4cba-8134-9be46dd125ed,a7ed0341-99c7-47bb-8cc8-487a2401a734
fb705c7f-ddc7-4fd4-812e-5e837d2b317a,74eb6f32-21b3-4edc-8de7-ba89025b37b5
fb9f0f5c-1aa9-4186-9977-388645e536d4,74eb6f32-21b3-4edc-8de7-ba89025b37b5
fc26c179-ab34-4def-b4e3-5a2e6ac56322,79fdbf70-c115-4649-aac7-477e42fd8fa6
fc2e7237-0755-4159-a339-633850ec3446,4af08b16-af05-48c9-99fa-2f3301eb7696
fc51a69c-cbf0-4142-953a-e909fa718a9d,bb3388d6-cb6c-45d6-9cd9-45e3c80bee7a
fc9bd38c-0287-40e7-afef-ebff519392a2,4af08b16-af05-48c9-99fa-2f3301eb7696
fcc0cfb5-7f6e-46ae-9df8-847d430c0f45,74eb6f32-21b3-4edc-8de7-ba89025b37b5
fcfb93d9-c9ce-4de4-a6c2-8858dbf212fb,4cc6d286-7158-4dae-b524-27d37315804c
fd3344eb-40a8-4389-9d84-38c8372ca287,dc9d89ee-22a8-4218-8e39-bad91f370deb
fd536e67-0ef6-46b9-8649-7eaf5a0db38c,90b57cce-1646-4fae-bd0b-003eb0d61c96
fd65669d-a963-49a5-8569-00a4ad2c68b6,79fdbf70-c115-4649-aac7-477e42fd8fa6
fd81ff99-92a3-4141-8a82-bac791c9067b,bb3388d6-cb6c-45d6-9cd9-45e3c80bee7a
fdb2fd8c-eb47-4502-8650-bb8b8fac3c37,79fdbf70-c115-4649-aac7-477e42fd8fa6
fdcdebc3-2c42-4c5b-9149-2ee4e1077fad,74eb6f32-21b3-4edc-8de7-ba89025b37b5
fdcffbd1-f6dc-4ec6-80a1-604caaab69b8,4484a12c-2db6-4cba-9c80-bf881f981786
fdcffbd1-f6dc-4ec6-80a1-604caaab69b8,90b57cce-1646-4fae-bd0b-003eb0d61c96
fdfce9c1-960c-41ec-9c57-a3e04aa4f9dd,bb3388d6-cb6c-45d6-9cd9-45e3c80bee7a
fe4676fe-e3a7-4fbd-83cc-152a82075aa2,4cc6d286-7158-4dae-b524-27d37315804c
feb6f7d0-fecb-47fd-99c3-df1aeda5c5ac,79fdbf70-c115-4649-aac7-477e42fd8fa6
fed31294-e79b-4684-951a-deea9de49dd2,90b57cce-1646-4fae-bd0b-003eb0d61c96
fed825a3-6c5f-4e04-966e-567f6eabc220,7924ad78-a7b6-41a4-8702-fb5fd86e09c6
ff2465b6-d24b-4c42-9c83-ad1310747e34,08b703b3-530a-4ea1-8b9b-e8a5252a3586
ff37050c-8e17-471a-ac5d-02f76aadfc1f,79fdbf70-c115-4649-aac7-477e42fd8fa6
